epoch,step,test_loss,test_mae,test_r2,train_loss,train_mae_epoch,train_mae_step,train_r2_epoch,train_r2_step,valid_loss,valid_mae,valid_r2
0,19,,,,,,50077.23828125,,-21.3253173828125,,,
0,39,,,,,,50370.5078125,,-18.85625648498535,,,
0,40,,,,,,,,,2669363968.0,51280.59765625,-66.07035064697266
0,40,,,,2697713408.0,50718.62890625,,-20.565874099731445,,,,
1,59,,,,,,50594.29296875,,-20.5130615234375,,,
1,79,,,,,,50520.953125,,-21.305099487304688,,,
1,81,,,,,,,,,2632390656.0,50928.91015625,-65.14136505126953
1,81,,,,2674343424.0,50506.8203125,,-20.374061584472656,,,,
2,99,,,,,,49602.9453125,,-20.825349807739258,,,
2,119,,,,,,48617.609375,,-19.550752639770508,,,
2,122,,,,,,,,,2522636032.0,49869.3984375,-62.383663177490234
2,122,,,,2581910016.0,49669.79296875,,-19.643253326416016,,,,
3,139,,,,,,48001.9921875,,-17.84883689880371,,,
3,159,,,,,,46580.09765625,,-15.887813568115234,,,
3,163,,,,,,,,,2289437184.0,47520.3671875,-56.52431869506836
3,163,,,,2354172160.0,47536.66015625,,-17.82357406616211,,,,
4,179,,,,,,44130.453125,,-16.268970489501953,,,
4,199,,,,,,41317.09375,,-12.788504600524902,,,
4,204,,,,,,,,,1892238464.0,43132.6171875,-46.54432678222656
4,204,,,,1935194496.0,43227.76171875,,-14.46505069732666,,,,
5,219,,,,,,37039.859375,,-9.735627174377441,,,
5,239,,,,,,31880.041015625,,-7.511351585388184,,,
5,245,,,,,,,,,1336165888.0,35735.77734375,-32.57246017456055
5,245,,,,1332559488.0,35623.3125,,-9.658135414123535,,,,
6,259,,,,,,26199.515625,,-5.286053657531738,,,
6,279,,,,,,20308.16796875,,-3.1094322204589844,,,
6,286,,,,,,,,,745351232.0,24340.3203125,-17.727670669555664
6,286,,,,716320960.0,24351.78125,,-4.7209248542785645,,,,
7,299,,,,,,17350.6015625,,-2.3096108436584473,,,
7,319,,,,,,14084.828125,,-1.060544490814209,,,
7,327,,,,,,,,,465252160.0,18680.201171875,-10.689909934997559
7,327,,,,351871264.0,16047.0322265625,,-1.8156590461730957,,,,
8,339,,,,,,11182.2939453125,,-0.4719212055206299,,,
8,359,,,,,,9125.431640625,,-0.08021664619445801,,,
8,368,,,,,,,,,211527440.0,12842.83203125,-4.314831733703613
8,368,,,,161991616.0,10253.244140625,,-0.29078832268714905,,,,
9,379,,,,,,7649.35888671875,,0.30497121810913086,,,
9,399,,,,,,6849.6669921875,,0.39679110050201416,,,
9,409,,,,,,,,,110443528.0,9383.7138671875,-1.7750003337860107
9,409,,,,79513136.0,7110.0771484375,,0.3637782633304596,,,,
10,419,,,,,,6077.68408203125,,0.5347088575363159,,,
10,439,,,,,,5930.52294921875,,0.5733768939971924,,,
10,450,,,,,,,,,70698504.0,7569.8310546875,-0.7763680219650269
10,450,,,,58426876.0,6085.8486328125,,0.5333045125007629,,,,
11,459,,,,,,5390.44677734375,,0.6505616307258606,,,
11,479,,,,,,5373.72900390625,,0.6401660442352295,,,
11,491,,,,,,,,,51861040.0,6568.9267578125,-0.3030587434768677
11,491,,,,47412880.0,5449.92529296875,,0.6210520267486572,,,,
12,499,,,,,,5246.8525390625,,0.654473066329956,,,
12,519,,,,,,5177.314453125,,0.6900953054428101,,,
12,532,,,,,,,,,34099164.0,5279.38037109375,0.14322549104690552
12,532,,,,41766708.0,5110.66650390625,,0.6661406755447388,,,,
13,539,,,,,,5007.80419921875,,0.6671066284179688,,,
13,559,,,,,,5022.822265625,,0.6852111220359802,,,
13,573,,,,,,,,,30143194.0,4996.6240234375,0.24262303113937378
13,573,,,,38233712.0,4892.6572265625,,0.6941893100738525,,,,
14,579,,,,,,4665.66796875,,0.7178024053573608,,,
14,599,,,,,,4763.30126953125,,0.7148463726043701,,,
14,614,,,,,,,,,23412472.0,4369.7548828125,0.4117390513420105
14,614,,,,35951392.0,4724.57958984375,,0.712633490562439,,,,
15,619,,,,,,4696.220703125,,0.7307906150817871,,,
15,639,,,,,,4671.89453125,,0.7179232239723206,,,
15,655,,,,,,,,,20986480.0,4128.63720703125,0.472694456577301
15,655,,,,34565712.0,4615.77099609375,,0.7237127423286438,,,,
16,659,,,,,,4632.83740234375,,0.7414331436157227,,,
16,679,,,,,,4642.5673828125,,0.7059789896011353,,,
16,696,,,,,,,,,18841872.0,3916.68798828125,0.5265797972679138
16,696,,,,33216740.0,4530.083984375,,0.7344915866851807,,,,
17,699,,,,,,4630.4248046875,,0.7115395069122314,,,
17,719,,,,,,4473.03955078125,,0.7539041638374329,,,
17,737,,,,,,,,,14646722.0,3401.572265625,0.6319869756698608
17,737,,,,32343764.0,4449.9267578125,,0.7415981888771057,,,,
18,739,,,,,,4461.66552734375,,0.744154691696167,,,
18,759,,,,,,4327.6328125,,0.7655338048934937,,,
18,778,,,,,,,,,13764003.0,3306.75244140625,0.6541661024093628
18,778,,,,32203346.0,4444.1904296875,,0.742465078830719,,,,
19,779,,,,,,4490.8505859375,,0.7378395199775696,,,
19,799,,,,,,4373.09130859375,,0.7249757051467896,,,
19,819,,,,,,4511.76904296875,,0.742510199546814,,,
19,819,,,,,,,,,15117630.0,3488.89453125,0.6201549172401428
19,819,,,,31243160.0,4392.05126953125,,0.7502122521400452,,,,
20,839,,,,,,4567.3232421875,,0.7364495992660522,,,
20,859,,,,,,4427.3232421875,,0.7534136772155762,,,
20,860,,,,,,,,,11872524.0,3044.412109375,0.7016913890838623
20,860,,,,31103998.0,4373.150390625,,0.751312792301178,,,,
21,879,,,,,,4253.70458984375,,0.7513751983642578,,,
21,899,,,,,,4390.9931640625,,0.7557828426361084,,,
21,901,,,,,,,,,14024802.0,3330.16552734375,0.6476132869720459
21,901,,,,30717918.0,4361.81494140625,,0.754126250743866,,,,
22,919,,,,,,4278.51171875,,0.7396036386489868,,,
22,939,,,,,,4168.37109375,,0.7769286632537842,,,
22,942,,,,,,,,,10789564.0,2887.113525390625,0.728901743888855
22,942,,,,29537938.0,4264.9248046875,,0.764060378074646,,,,
23,959,,,,,,4358.31201171875,,0.7511546015739441,,,
23,979,,,,,,4396.8525390625,,0.747955322265625,,,
23,983,,,,,,,,,10157990.0,2790.779541015625,0.7447706460952759
23,983,,,,30091478.0,4295.63818359375,,0.7595611214637756,,,,
24,999,,,,,,4330.3623046875,,0.7771512866020203,,,
24,1019,,,,,,4310.39697265625,,0.7677680253982544,,,
24,1024,,,,,,,,,9456910.0,2688.685302734375,0.7623860239982605
24,1024,,,,29255192.0,4235.34912109375,,0.7662900686264038,,,,
25,1039,,,,,,4304.07275390625,,0.741560697555542,,,
25,1059,,,,,,4271.59375,,0.7553839087486267,,,
25,1065,,,,,,,,,11524492.0,3012.9013671875,0.7104359865188599
25,1065,,,,29456196.0,4257.6337890625,,0.7645900249481201,,,,
26,1079,,,,,,4049.58740234375,,0.7882072925567627,,,
26,1099,,,,,,4310.6162109375,,0.756817638874054,,,
26,1106,,,,,,,,,10664025.0,2874.51025390625,0.7320560216903687
26,1106,,,,28853722.0,4225.7490234375,,0.7693700194358826,,,,
27,1119,,,,,,4122.09375,,0.7680564522743225,,,
27,1139,,,,,,4359.8681640625,,0.7346044778823853,,,
27,1147,,,,,,,,,10127468.0,2784.10107421875,0.7455375790596008
27,1147,,,,29058940.0,4208.63916015625,,0.7677801847457886,,,,
28,1159,,,,,,4309.4541015625,,0.7505593299865723,,,
28,1179,,,,,,4183.0087890625,,0.7884511351585388,,,
28,1188,,,,,,,,,10813150.0,2901.530517578125,0.728309154510498
28,1188,,,,28803290.0,4198.50830078125,,0.7698276042938232,,,,
29,1199,,,,,,4294.99658203125,,0.7518012523651123,,,
29,1219,,,,,,4247.33642578125,,0.7525883913040161,,,
29,1229,,,,,,,,,10294183.0,2795.227294921875,0.7413486838340759
29,1229,,,,28342250.0,4168.47021484375,,0.7736263275146484,,,,
30,1239,,,,,,4001.80078125,,0.7830072641372681,,,
30,1259,,,,,,4235.6279296875,,0.7781481146812439,,,
30,1270,,,,,,,,,12638988.0,3176.506103515625,0.6824331879615784
30,1270,,,,28289844.0,4162.279296875,,0.7737418413162231,,,,
31,1279,,,,,,4155.64599609375,,0.7691998481750488,,,
31,1299,,,,,,4121.048828125,,0.782624363899231,,,
31,1311,,,,,,,,,9139906.0,2628.025634765625,0.7703510522842407
31,1311,,,,27906084.0,4136.6337890625,,0.7769877910614014,,,,
32,1319,,,,,,4071.2119140625,,0.7675299644470215,,,
32,1339,,,,,,4117.2841796875,,0.7662391066551208,,,
32,1352,,,,,,,,,10628996.0,2871.781982421875,0.7329362034797668
32,1352,,,,28434170.0,4178.64208984375,,0.7728409767150879,,,,
33,1359,,,,,,4040.177734375,,0.7917163968086243,,,
33,1379,,,,,,4183.24951171875,,0.7704409956932068,,,
33,1393,,,,,,,,,9059261.0,2584.6298828125,0.7723773121833801
33,1393,,,,28170074.0,4147.0703125,,0.7750360369682312,,,,
34,1399,,,,,,4024.498046875,,0.756549596786499,,,
34,1419,,,,,,3833.273681640625,,0.7988446950912476,,,
34,1434,,,,,,,,,9076401.0,2604.837158203125,0.7719466686248779
34,1434,,,,27860944.0,4124.9443359375,,0.777325451374054,,,,
35,1439,,,,,,4250.6025390625,,0.7700822949409485,,,
35,1459,,,,,,4150.0703125,,0.7682104110717773,,,
35,1475,,,,,,,,,11163423.0,2921.72216796875,0.719508171081543
35,1475,,,,28409322.0,4171.76025390625,,0.7731000781059265,,,,
36,1479,,,,,,3944.42529296875,,0.7907211780548096,,,
36,1499,,,,,,4139.712890625,,0.7999513745307922,,,
36,1516,,,,,,,,,9347440.0,2660.200927734375,0.7651365399360657
36,1516,,,,27934352.0,4133.79541015625,,0.7764695882797241,,,,
37,1519,,,,,,4295.7421875,,0.7697160243988037,,,
37,1539,,,,,,4152.958984375,,0.7615349888801575,,,
37,1557,,,,,,,,,9293541.0,2641.500732421875,0.7664908170700073
37,1557,,,,27356770.0,4098.5595703125,,0.7813003063201904,,,,
38,1559,,,,,,3997.79736328125,,0.7724483013153076,,,
38,1579,,,,,,3954.493896484375,,0.814744234085083,,,
38,1598,,,,,,,,,10291703.0,2791.8046875,0.741411030292511
38,1598,,,,27253372.0,4077.7744140625,,0.7822879552841187,,,,
39,1599,,,,,,4085.45068359375,,0.7738074660301208,,,
39,1619,,,,,,4085.491455078125,,0.7798068523406982,,,
39,1639,,,,,,4228.31396484375,,0.7701851725578308,,,
39,1639,,,,,,,,,10027531.0,2759.992919921875,0.7480486035346985
39,1639,,,,27495564.0,4098.9189453125,,0.780147135257721,,,,
40,1659,,,,,,4095.78759765625,,0.7776271104812622,,,
40,1679,,,,,,4262.5,,0.7699376344680786,,,
40,1680,,,,,,,,,10576904.0,2827.162109375,0.7342450618743896
40,1680,,,,27670628.0,4117.7548828125,,0.7789146304130554,,,,
41,1699,,,,,,4104.408203125,,0.7803018093109131,,,
41,1719,,,,,,4105.40673828125,,0.791861355304718,,,
41,1721,,,,,,,,,9414352.0,2660.742431640625,0.763455331325531
41,1721,,,,26977940.0,4070.68212890625,,0.7844120860099792,,,,
42,1739,,,,,,3971.40478515625,,0.805576503276825,,,
42,1759,,,,,,4133.3427734375,,0.784932017326355,,,
42,1762,,,,,,,,,9703421.0,2704.820556640625,0.7561922073364258
42,1762,,,,27269872.0,4074.319091796875,,0.7819841504096985,,,,
43,1779,,,,,,3994.732666015625,,0.7868654131889343,,,
43,1799,,,,,,3998.68798828125,,0.8009939193725586,,,
43,1803,,,,,,,,,11357435.0,2980.533447265625,0.7146334648132324
43,1803,,,,27015024.0,4056.415283203125,,0.7839804887771606,,,,
44,1819,,,,,,3866.13427734375,,0.8054546117782593,,,
44,1839,,,,,,4185.1650390625,,0.7495867013931274,,,
44,1844,,,,,,,,,10533294.0,2846.6416015625,0.7353408336639404
44,1844,,,,26738170.0,4040.42919921875,,0.7862452864646912,,,,
45,1859,,,,,,4078.964111328125,,0.7776598334312439,,,
45,1879,,,,,,4088.4208984375,,0.7785134315490723,,,
45,1885,,,,,,,,,9893144.0,2748.5078125,0.7514251470565796
45,1885,,,,27090346.0,4074.447265625,,0.7834333777427673,,,,
46,1899,,,,,,4006.0390625,,0.7807949781417847,,,
46,1919,,,,,,3901.97314453125,,0.8008825778961182,,,
46,1926,,,,,,,,,8741910.0,2532.312255859375,0.7803510427474976
46,1926,,,,26860480.0,4055.252685546875,,0.7852685451507568,,,,
47,1939,,,,,,3940.674072265625,,0.7881630063056946,,,
47,1959,,,,,,3905.83056640625,,0.8088151216506958,,,
47,1967,,,,,,,,,8648462.0,2525.878662109375,0.7826990485191345
47,1967,,,,26528522.0,4021.80322265625,,0.7877857089042664,,,,
48,1979,,,,,,3986.033203125,,0.8004037141799927,,,
48,1999,,,,,,3968.5302734375,,0.7768928408622742,,,
48,2008,,,,,,,,,11083864.0,2927.175048828125,0.72150719165802
48,2008,,,,26771234.0,4048.966796875,,0.7862315773963928,,,,
49,2019,,,,,,4082.68505859375,,0.7650039792060852,,,
49,2039,,,,,,4052.78369140625,,0.7886497974395752,,,
49,2049,,,,,,,,,9413775.0,2664.42529296875,0.7634698152542114
49,2049,,,,26743646.0,4052.8564453125,,0.7861167788505554,,,,
50,2059,,,,,,4046.06689453125,,0.7964906692504883,,,
50,2079,,,,,,4029.22021484375,,0.7914954423904419,,,
50,2090,,,,,,,,,9430714.0,2665.2177734375,0.7630441784858704
50,2090,,,,26746292.0,4043.904541015625,,0.786284327507019,,,,
51,2099,,,,,,4148.09619140625,,0.77121901512146,,,
51,2119,,,,,,4022.12255859375,,0.7922995686531067,,,
51,2131,,,,,,,,,10185883.0,2803.241455078125,0.7440698146820068
51,2131,,,,26894028.0,4050.087890625,,0.7849605679512024,,,,
52,2139,,,,,,3919.107421875,,0.7923698425292969,,,
52,2159,,,,,,4070.59765625,,0.7892096042633057,,,
52,2172,,,,,,,,,9019938.0,2576.8828125,0.773365318775177
52,2172,,,,26355038.0,4011.85791015625,,0.7893391847610474,,,,
53,2179,,,,,,4065.4306640625,,0.7800061702728271,,,
53,2199,,,,,,4280.87158203125,,0.7696189880371094,,,
53,2213,,,,,,,,,9879553.0,2729.91552734375,0.7517666816711426
53,2213,,,,26511210.0,4034.36376953125,,0.7883350253105164,,,,
54,2219,,,,,,4012.886962890625,,0.7875542640686035,,,
54,2239,,,,,,4210.5458984375,,0.7795780897140503,,,
54,2254,,,,,,,,,8606069.0,2547.954345703125,0.7837641835212708
54,2254,,,,26449814.0,4025.0703125,,0.7885420322418213,,,,
55,2259,,,,,,3886.70068359375,,0.8106998205184937,,,
55,2279,,,,,,3939.37451171875,,0.7849844694137573,,,
55,2295,,,,,,,,,8646841.0,2526.20458984375,0.7827397584915161
55,2295,,,,26357974.0,4014.214111328125,,0.789404571056366,,,,
56,2299,,,,,,3928.684814453125,,0.7951819896697998,,,
56,2319,,,,,,3900.59765625,,0.7840738892555237,,,
56,2336,,,,,,,,,9741962.0,2711.98046875,0.7552237510681152
56,2336,,,,26220128.0,4012.7333984375,,0.7904007434844971,,,,
57,2339,,,,,,4040.304931640625,,0.7788636088371277,,,
57,2359,,,,,,4096.1572265625,,0.7797191143035889,,,
57,2377,,,,,,,,,9548033.0,2682.234130859375,0.7600964307785034
57,2377,,,,26076220.0,3994.56005859375,,0.7916629910469055,,,,
58,2379,,,,,,3814.206787109375,,0.8129451870918274,,,
58,2399,,,,,,3905.776611328125,,0.7934297919273376,,,
58,2418,,,,,,,,,10255878.0,2787.007568359375,0.7423111200332642
58,2418,,,,25927324.0,3989.28955078125,,0.7928898930549622,,,,
59,2419,,,,,,4065.9775390625,,0.7929770350456238,,,
59,2439,,,,,,4087.7958984375,,0.781755268573761,,,
59,2459,,,,,,3925.90625,,0.7962804436683655,,,
59,2459,,,,,,,,,11102790.0,2944.529296875,0.721031665802002
59,2459,,,,25680126.0,3970.91357421875,,0.7946977615356445,,,,
60,2479,,,,,,3975.92236328125,,0.8123648166656494,,,
60,2499,,,,,,4087.82958984375,,0.7730870842933655,,,
60,2500,,,,,,,,,8357693.5,2491.582763671875,0.7900048494338989
60,2500,,,,25708886.0,3973.351806640625,,0.7945029139518738,,,,
61,2519,,,,,,4157.44140625,,0.7765346765518188,,,
61,2539,,,,,,4061.17333984375,,0.7899321913719177,,,
61,2541,,,,,,,,,9434000.0,2684.7265625,0.7629616260528564
61,2541,,,,25941638.0,3990.63671875,,0.7928898930549622,,,,
62,2559,,,,,,4045.327880859375,,0.7772523164749146,,,
62,2579,,,,,,3933.4775390625,,0.8076671957969666,,,
62,2582,,,,,,,,,8619237.0,2518.356201171875,0.7834333181381226
62,2582,,,,26104018.0,3993.33935546875,,0.7915152311325073,,,,
63,2599,,,,,,3827.47216796875,,0.8167567849159241,,,
63,2619,,,,,,3970.8359375,,0.788087010383606,,,
63,2623,,,,,,,,,9129055.0,2584.359375,0.7706236839294434
63,2623,,,,25909858.0,3972.544189453125,,0.792851984500885,,,,
64,2639,,,,,,3966.707763671875,,0.8077487945556641,,,
64,2659,,,,,,4049.392822265625,,0.7947766184806824,,,
64,2664,,,,,,,,,9574272.0,2681.205322265625,0.7594372034072876
64,2664,,,,26197916.0,3996.874267578125,,0.7904117703437805,,,,
65,2679,,,,,,3802.8603515625,,0.8036397099494934,,,
65,2699,,,,,,3796.780029296875,,0.8056250810623169,,,
65,2705,,,,,,,,,8647642.0,2492.23095703125,0.782719612121582
65,2705,,,,25825472.0,3978.473388671875,,0.7936204671859741,,,,
66,2719,,,,,,3830.876953125,,0.8233039379119873,,,
66,2739,,,,,,3888.593017578125,,0.7976212501525879,,,
66,2746,,,,,,,,,8996071.0,2564.469970703125,0.7739650011062622
66,2746,,,,25724290.0,3967.481201171875,,0.794479250907898,,,,
67,2759,,,,,,4071.927001953125,,0.7945271730422974,,,
67,2779,,,,,,4176.30859375,,0.7726627588272095,,,
67,2787,,,,,,,,,9748812.0,2740.339111328125,0.7550516724586487
67,2787,,,,26097618.0,3997.805419921875,,0.7914479374885559,,,,
68,2799,,,,,,3778.7490234375,,0.7957805395126343,,,
68,2819,,,,,,4085.1572265625,,0.7811818718910217,,,
68,2828,,,,,,,,,9112186.0,2601.6357421875,0.7710474729537964
68,2828,,,,25577398.0,3941.41259765625,,0.7956942915916443,,,,
69,2839,,,,,,3949.3505859375,,0.7899198532104492,,,
69,2859,,,,,,3886.66796875,,0.7961630821228027,,,
69,2869,,,,,,,,,9102341.0,2600.364013671875,0.771294891834259
69,2869,,,,25717692.0,3951.43310546875,,0.794306755065918,,,,
70,2879,,,,,,4067.699462890625,,0.7893837094306946,,,
70,2899,,,,,,3844.23486328125,,0.8131051659584045,,,
70,2910,,,,,,,,,8600246.0,2532.72216796875,0.7839105129241943
70,2910,,,,25858080.0,3971.3798828125,,0.7933799624443054,,,,
71,2919,,,,,,3786.392333984375,,0.8190186023712158,,,
71,2939,,,,,,4156.46142578125,,0.7618176341056824,,,
71,2951,,,,,,,,,9907517.0,2741.029296875,0.7510640621185303
71,2951,,,,25959922.0,3976.602294921875,,0.7927077412605286,,,,
72,2959,,,,,,3990.5,,0.7917436361312866,,,
72,2979,,,,,,3969.529541015625,,0.7981286644935608,,,
72,2992,,,,,,,,,11512609.0,2978.040771484375,0.7107346057891846
72,2992,,,,25774756.0,3971.52880859375,,0.7939116358757019,,,,
73,2999,,,,,,4012.742919921875,,0.7758468389511108,,,
73,3019,,,,,,3774.477294921875,,0.8000316619873047,,,
73,3033,,,,,,,,,7809578.0,2404.392333984375,0.8037768006324768
73,3033,,,,25949518.0,3985.1123046875,,0.7925821542739868,,,,
74,3039,,,,,,3952.818359375,,0.7872867584228516,,,
74,3059,,,,,,3964.385498046875,,0.8034707307815552,,,
74,3074,,,,,,,,,9794240.0,2743.368408203125,0.7539102435112
74,3074,,,,25558722.0,3970.73486328125,,0.7956362366676331,,,,
75,3079,,,,,,3833.289306640625,,0.8146259784698486,,,
75,3099,,,,,,3988.490234375,,0.8023396134376526,,,
75,3115,,,,,,,,,7436655.0,2322.509521484375,0.8131468296051025
75,3115,,,,25429318.0,3940.487060546875,,0.7969008684158325,,,,
76,3119,,,,,,3959.489501953125,,0.7941240072250366,,,
76,3139,,,,,,3790.722900390625,,0.8073097467422485,,,
76,3156,,,,,,,,,7607681.5,2359.996337890625,0.8088496327400208
76,3156,,,,25602260.0,3949.763671875,,0.7956461906433105,,,,
77,3159,,,,,,3998.292724609375,,0.7894928455352783,,,
77,3179,,,,,,4017.2314453125,,0.7805310487747192,,,
77,3197,,,,,,,,,8582631.0,2534.06640625,0.7843531370162964
77,3197,,,,25862398.0,3974.312255859375,,0.793506383895874,,,,
78,3199,,,,,,3953.80908203125,,0.8061705231666565,,,
78,3219,,,,,,3989.982421875,,0.7945681810379028,,,
78,3238,,,,,,,,,7274088.5,2296.700439453125,0.8172314763069153
78,3238,,,,25188926.0,3919.13916015625,,0.7986944913864136,,,,
79,3239,,,,,,4037.87451171875,,0.7966864109039307,,,
79,3259,,,,,,3920.043701171875,,0.8028156161308289,,,
79,3279,,,,,,3928.55517578125,,0.8017987608909607,,,
79,3279,,,,,,,,,6982728.5,2220.8447265625,0.8245521783828735
79,3279,,,,25433272.0,3940.19091796875,,0.7966659665107727,,,,
80,3299,,,,,,3734.200927734375,,0.8166559934616089,,,
80,3319,,,,,,3871.118896484375,,0.8046813011169434,,,
80,3320,,,,,,,,,9844907.0,2770.8037109375,0.7526372075080872
80,3320,,,,25166002.0,3925.996826171875,,0.7989431619644165,,,,
81,3339,,,,,,3868.93115234375,,0.7829108238220215,,,
81,3359,,,,,,3914.826416015625,,0.8152445554733276,,,
81,3361,,,,,,,,,7765832.0,2358.684326171875,0.804875910282135
81,3361,,,,25112854.0,3919.443359375,,0.7991838455200195,,,,
82,3379,,,,,,4005.078125,,0.7980201244354248,,,
82,3399,,,,,,3868.399169921875,,0.8084266185760498,,,
82,3402,,,,,,,,,8967742.0,2566.7998046875,0.7746767997741699
82,3402,,,,25494992.0,3935.461669921875,,0.7961601614952087,,,,
83,3419,,,,,,3952.906005859375,,0.807557225227356,,,
83,3439,,,,,,4091.10693359375,,0.7681616544723511,,,
83,3443,,,,,,,,,10118321.0,2764.554931640625,0.74576735496521
83,3443,,,,25299152.0,3926.948486328125,,0.7977015972137451,,,,
84,3459,,,,,,3817.978271484375,,0.794814944267273,,,
84,3479,,,,,,3932.0947265625,,0.776443600654602,,,
84,3484,,,,,,,,,8939953.0,2591.644775390625,0.7753750085830688
84,3484,,,,25060784.0,3914.82275390625,,0.7997368574142456,,,,
85,3499,,,,,,3863.685546875,,0.8122336268424988,,,
85,3519,,,,,,3798.35888671875,,0.8032519817352295,,,
85,3525,,,,,,,,,8913454.0,2598.368408203125,0.7760408520698547
85,3525,,,,25423120.0,3934.967041015625,,0.7968099117279053,,,,
86,3539,,,,,,4092.42138671875,,0.7907474637031555,,,
86,3559,,,,,,4036.40478515625,,0.7956860065460205,,,
86,3566,,,,,,,,,7559296.0,2351.93994140625,0.8100653886795044
86,3566,,,,25117824.0,3920.50927734375,,0.7991460561752319,,,,
87,3579,,,,,,3862.479736328125,,0.8030074238777161,,,
87,3599,,,,,,3946.82275390625,,0.7818490862846375,,,
87,3607,,,,,,,,,8656200.0,2552.762939453125,0.7825046181678772
87,3607,,,,25097400.0,3905.28466796875,,0.7995153665542603,,,,
88,3619,,,,,,4053.20703125,,0.7794902324676514,,,
88,3639,,,,,,4002.359375,,0.784278154373169,,,
88,3648,,,,,,,,,8796276.0,2543.37548828125,0.7789850831031799
88,3648,,,,25118980.0,3911.485595703125,,0.7992327213287354,,,,
89,3659,,,,,,4005.6484375,,0.7966152429580688,,,
89,3679,,,,,,4065.5859375,,0.797370970249176,,,
89,3689,,,,,,,,,8347586.0,2468.4521484375,0.7902588248252869
89,3689,,,,25344146.0,3933.99658203125,,0.7974254488945007,,,,
90,3699,,,,,,3908.40576171875,,0.8113056421279907,,,
90,3719,,,,,,3794.479736328125,,0.8073055744171143,,,
90,3730,,,,,,,,,8339411.0,2493.5185546875,0.7904642224311829
90,3730,,,,24920376.0,3900.11083984375,,0.8008489012718201,,,,
91,3739,,,,,,3794.612060546875,,0.796233057975769,,,
91,3759,,,,,,3858.849365234375,,0.8093621134757996,,,
91,3771,,,,,,,,,8059364.5,2444.347412109375,0.7975006699562073
91,3771,,,,25142092.0,3906.662109375,,0.7990355491638184,,,,
92,3779,,,,,,4064.62744140625,,0.7807117104530334,,,
92,3799,,,,,,3745.628662109375,,0.8160526752471924,,,
92,3812,,,,,,,,,8160641.0,2467.885986328125,0.7949560284614563
92,3812,,,,25207558.0,3929.923095703125,,0.7986478209495544,,,,
93,3819,,,,,,3885.545654296875,,0.811176598072052,,,
93,3839,,,,,,3924.75732421875,,0.7891541123390198,,,
93,3853,,,,,,,,,7483351.5,2336.228759765625,0.8119735717773438
93,3853,,,,24767564.0,3892.44921875,,0.8019939661026001,,,,
94,3859,,,,,,3926.321533203125,,0.8069441318511963,,,
94,3879,,,,,,3965.0498046875,,0.8022544980049133,,,
94,3894,,,,,,,,,9201380.0,2640.386962890625,0.7688064575195312
94,3894,,,,25182890.0,3928.093505859375,,0.7989196181297302,,,,
95,3899,,,,,,3736.62939453125,,0.8173196315765381,,,
95,3919,,,,,,4052.9228515625,,0.7830612659454346,,,
95,3935,,,,,,,,,7652775.5,2355.771484375,0.8077166080474854
95,3935,,,,25093094.0,3911.694091796875,,0.7994041442871094,,,,
96,3939,,,,,,3918.660888671875,,0.7872147560119629,,,
96,3959,,,,,,3967.61767578125,,0.7806293964385986,,,
96,3976,,,,,,,,,8158155.5,2451.37353515625,0.7950184345245361
96,3976,,,,24795826.0,3886.4091796875,,0.8018435835838318,,,,
97,3979,,,,,,4066.728271484375,,0.7907748222351074,,,
97,3999,,,,,,3970.1015625,,0.8002822399139404,,,
97,4017,,,,,,,,,8133953.5,2448.37060546875,0.7956265211105347
97,4017,,,,24949648.0,3910.8662109375,,0.8007815480232239,,,,
98,4019,,,,,,3854.986328125,,0.8035541772842407,,,
98,4039,,,,,,3863.08056640625,,0.7969925403594971,,,
98,4058,,,,,,,,,8693709.0,2543.491455078125,0.7815621495246887
98,4058,,,,24809868.0,3880.2080078125,,0.8017126321792603,,,,
99,4059,,,,,,3963.7705078125,,0.7995997071266174,,,
99,4079,,,,,,3970.47998046875,,0.7919480204582214,,,
99,4099,,,,,,3972.53759765625,,0.7789551615715027,,,
99,4099,,,,,,,,,9178085.0,2635.362548828125,0.7693917751312256
99,4099,,,,25161910.0,3917.565185546875,,0.7989442944526672,,,,
100,4119,,,,,,3729.663818359375,,0.8176066875457764,,,
100,4139,,,,,,3942.029541015625,,0.7795897722244263,,,
100,4140,,,,,,,,,6642330.5,2155.12451171875,0.8331050276756287
100,4140,,,,24982570.0,3897.465576171875,,0.8003990054130554,,,,
101,4159,,,,,,3890.82666015625,,0.8033639192581177,,,
101,4179,,,,,,3952.39501953125,,0.811752438545227,,,
101,4181,,,,,,,,,8415477.0,2503.967529296875,0.78855299949646
101,4181,,,,24746760.0,3897.65869140625,,0.8022047281265259,,,,
102,4199,,,,,,3910.51318359375,,0.8046736717224121,,,
102,4219,,,,,,3957.080078125,,0.7880692481994629,,,
102,4222,,,,,,,,,6814298.0,2221.0458984375,0.828784167766571
102,4222,,,,24753684.0,3880.86328125,,0.8023171424865723,,,,
103,4239,,,,,,3889.510986328125,,0.7965822219848633,,,
103,4259,,,,,,3889.977783203125,,0.8074102401733398,,,
103,4263,,,,,,,,,8507816.0,2512.836181640625,0.7862328886985779
103,4263,,,,24626768.0,3870.782958984375,,0.8030312061309814,,,,
104,4279,,,,,,3762.360107421875,,0.8143447637557983,,,
104,4299,,,,,,3793.28369140625,,0.8009541034698486,,,
104,4304,,,,,,,,,8835132.0,2581.243896484375,0.778008759021759
104,4304,,,,24687864.0,3890.23486328125,,0.8025858998298645,,,,
105,4319,,,,,,3769.334228515625,,0.8320941925048828,,,
105,4339,,,,,,3806.619140625,,0.8031476736068726,,,
105,4345,,,,,,,,,8476612.0,2483.583984375,0.7870169281959534
105,4345,,,,24531828.0,3873.1494140625,,0.8038397431373596,,,,
106,4359,,,,,,3714.14990234375,,0.8189325332641602,,,
106,4379,,,,,,3960.19091796875,,0.8054519295692444,,,
106,4386,,,,,,,,,8611108.0,2495.652587890625,0.7836375832557678
106,4386,,,,24897566.0,3896.658203125,,0.8009220361709595,,,,
107,4399,,,,,,3793.970947265625,,0.8225139379501343,,,
107,4419,,,,,,4001.986083984375,,0.7963661551475525,,,
107,4427,,,,,,,,,7411710.5,2289.849365234375,0.8137736320495605
107,4427,,,,24564098.0,3868.971435546875,,0.80357426404953,,,,
108,4439,,,,,,3744.288818359375,,0.8185430765151978,,,
108,4459,,,,,,3745.52294921875,,0.8121173977851868,,,
108,4468,,,,,,,,,6894415.0,2187.83154296875,0.8267711400985718
108,4468,,,,24695332.0,3875.26171875,,0.8026247620582581,,,,
109,4479,,,,,,3914.92431640625,,0.8096915483474731,,,
109,4499,,,,,,3994.81884765625,,0.7864519357681274,,,
109,4509,,,,,,,,,9860628.0,2747.298583984375,0.7522422075271606
109,4509,,,,25153318.0,3911.75,,0.7989762425422668,,,,
110,4519,,,,,,3901.663330078125,,0.800959050655365,,,
110,4539,,,,,,3859.84619140625,,0.8127309679985046,,,
110,4550,,,,,,,,,8330682.0,2472.350341796875,0.7906835675239563
110,4550,,,,24396588.0,3859.62939453125,,0.8051265478134155,,,,
111,4559,,,,,,3871.335205078125,,0.8109735250473022,,,
111,4579,,,,,,3796.333984375,,0.8051275014877319,,,
111,4591,,,,,,,,,7733640.0,2378.9501953125,0.8056848049163818
111,4591,,,,24475050.0,3870.24951171875,,0.8044494986534119,,,,
112,4599,,,,,,3987.56201171875,,0.7876500487327576,,,
112,4619,,,,,,3731.04736328125,,0.8088811635971069,,,
112,4632,,,,,,,,,8868363.0,2556.442138671875,0.7771738171577454
112,4632,,,,24703098.0,3877.87060546875,,0.8023767471313477,,,,
113,4639,,,,,,3911.802734375,,0.814342737197876,,,
113,4659,,,,,,3848.84326171875,,0.787574052810669,,,
113,4673,,,,,,,,,8353537.0,2456.969970703125,0.7901092767715454
113,4673,,,,24406280.0,3846.98974609375,,0.8048701882362366,,,,
114,4679,,,,,,3847.882080078125,,0.7867189645767212,,,
114,4699,,,,,,4040.873779296875,,0.7760444283485413,,,
114,4714,,,,,,,,,8810474.0,2538.53759765625,0.7786282896995544
114,4714,,,,24388336.0,3863.1669921875,,0.8048464059829712,,,,
115,4719,,,,,,4029.229736328125,,0.7984399795532227,,,
115,4739,,,,,,3759.381103515625,,0.8233187198638916,,,
115,4755,,,,,,,,,9029937.0,2553.03271484375,0.7731140851974487
115,4755,,,,24784174.0,3883.25732421875,,0.8019628524780273,,,,
116,4759,,,,,,3712.876953125,,0.8265597820281982,,,
116,4779,,,,,,3725.951171875,,0.8185497522354126,,,
116,4796,,,,,,,,,7820251.0,2401.197998046875,0.8035086393356323
116,4796,,,,24299828.0,3853.7021484375,,0.8058140873908997,,,,
117,4799,,,,,,4080.8232421875,,0.7723962068557739,,,
117,4819,,,,,,3798.754638671875,,0.8165242075920105,,,
117,4837,,,,,,,,,9203212.0,2625.360595703125,0.7687603831291199
117,4837,,,,24455040.0,3859.20361328125,,0.8045499920845032,,,,
118,4839,,,,,,3957.606201171875,,0.7983475923538208,,,
118,4859,,,,,,3887.40380859375,,0.8069599866867065,,,
118,4878,,,,,,,,,9610266.0,2720.982666015625,0.7585327625274658
118,4878,,,,24350132.0,3859.91162109375,,0.8053408861160278,,,,
119,4879,,,,,,3929.73388671875,,0.791120171546936,,,
119,4899,,,,,,3996.055419921875,,0.7656240463256836,,,
119,4919,,,,,,3700.922607421875,,0.8172781467437744,,,
119,4919,,,,,,,,,8313812.5,2476.06591796875,0.7911074161529541
119,4919,,,,24913070.0,3894.534912109375,,0.8009052276611328,,,,
120,4939,,,,,,3943.75927734375,,0.7954373955726624,,,
120,4959,,,,,,3925.0048828125,,0.7855973839759827,,,
120,4960,,,,,,,,,9363943.0,2643.067138671875,0.7647218704223633
120,4960,,,,24503356.0,3858.753173828125,,0.8039356470108032,,,,
121,4979,,,,,,3974.9384765625,,0.8029338121414185,,,
121,4999,,,,,,3702.220703125,,0.8172129392623901,,,
121,5001,,,,,,,,,10280582.0,2807.994384765625,0.7416903972625732
121,5001,,,,24536118.0,3881.966064453125,,0.8039534687995911,,,,
122,5019,,,,,,3944.377197265625,,0.8009659051895142,,,
122,5039,,,,,,3806.0654296875,,0.813676655292511,,,
122,5042,,,,,,,,,8092683.5,2428.28857421875,0.7966635227203369
122,5042,,,,24283320.0,3847.612548828125,,0.8060197830200195,,,,
123,5059,,,,,,3715.42822265625,,0.8233560919761658,,,
123,5079,,,,,,3823.3857421875,,0.7828688025474548,,,
123,5083,,,,,,,,,9543430.0,2656.203369140625,0.7602121233940125
123,5083,,,,24355254.0,3850.098876953125,,0.8052720427513123,,,,
124,5099,,,,,,3829.45458984375,,0.7904213666915894,,,
124,5119,,,,,,3882.12451171875,,0.7914525270462036,,,
124,5124,,,,,,,,,9166437.0,2631.84130859375,0.7696844339370728
124,5124,,,,24270198.0,3843.2265625,,0.8059486150741577,,,,
125,5139,,,,,,3849.60205078125,,0.8180750608444214,,,
125,5159,,,,,,3836.214111328125,,0.8250552415847778,,,
125,5165,,,,,,,,,9177461.0,2609.44921875,0.7694074511528015
125,5165,,,,24210098.0,3834.67724609375,,0.8064448833465576,,,,
126,5179,,,,,,3891.76806640625,,0.7947906255722046,,,
126,5199,,,,,,3894.288330078125,,0.8034791350364685,,,
126,5206,,,,,,,,,10389529.0,2805.123291015625,0.7389529943466187
126,5206,,,,24112622.0,3835.05419921875,,0.8072947859764099,,,,
127,5219,,,,,,3741.210205078125,,0.8031752705574036,,,
127,5239,,,,,,3765.74072265625,,0.8113431930541992,,,
127,5247,,,,,,,,,9696054.0,2684.90380859375,0.7563772797584534
127,5247,,,,23991678.0,3816.069091796875,,0.808376133441925,,,,
128,5259,,,,,,3838.3251953125,,0.8115624189376831,,,
128,5279,,,,,,3974.77392578125,,0.7915810942649841,,,
128,5288,,,,,,,,,10715727.0,2875.421630859375,0.7307569980621338
128,5288,,,,24308778.0,3852.607177734375,,0.8058784604072571,,,,
129,5299,,,,,,3920.493896484375,,0.8109568357467651,,,
129,5319,,,,,,3772.5078125,,0.826553463935852,,,
129,5329,,,,,,,,,7175002.0,2219.096923828125,0.8197211623191833
129,5329,,,,24261082.0,3855.338134765625,,0.8061994910240173,,,,
130,5339,,,,,,3809.5751953125,,0.8095011711120605,,,
130,5359,,,,,,3865.614013671875,,0.8043125867843628,,,
130,5370,,,,,,,,,9377668.0,2657.673583984375,0.7643769979476929
130,5370,,,,24326878.0,3848.197265625,,0.8055225014686584,,,,
131,5379,,,,,,3857.74365234375,,0.7996072173118591,,,
131,5399,,,,,,3844.068359375,,0.8137917518615723,,,
131,5411,,,,,,,,,8989461.0,2561.93505859375,0.7741311192512512
131,5411,,,,24565572.0,3863.389892578125,,0.8036222457885742,,,,
132,5419,,,,,,3887.404296875,,0.8111550211906433,,,
132,5439,,,,,,3865.86181640625,,0.7773586511611938,,,
132,5452,,,,,,,,,7797114.0,2390.281982421875,0.8040899634361267
132,5452,,,,24276302.0,3837.683837890625,,0.8058684468269348,,,,
133,5459,,,,,,3909.222412109375,,0.8015028238296509,,,
133,5479,,,,,,3963.89453125,,0.7975084185600281,,,
133,5493,,,,,,,,,8994138.0,2584.76025390625,0.7740135788917542
133,5493,,,,24359510.0,3857.786376953125,,0.8053008317947388,,,,
134,5499,,,,,,3825.220458984375,,0.8003238439559937,,,
134,5519,,,,,,3819.43408203125,,0.8035914897918701,,,
134,5534,,,,,,,,,9090245.0,2585.97314453125,0.7715988159179688
134,5534,,,,24449952.0,3866.199462890625,,0.8045451641082764,,,,
135,5539,,,,,,3950.298583984375,,0.8083884716033936,,,
135,5559,,,,,,3828.333984375,,0.7962618470191956,,,
135,5575,,,,,,,,,8014683.5,2399.46044921875,0.7986233234405518
135,5575,,,,23907132.0,3815.7724609375,,0.8089786171913147,,,,
136,5579,,,,,,3775.60205078125,,0.8061116933822632,,,
136,5599,,,,,,3837.71728515625,,0.8124063611030579,,,
136,5616,,,,,,,,,6978769.0,2227.579833984375,0.8246517181396484
136,5616,,,,24561862.0,3868.763671875,,0.8037261366844177,,,,
137,5619,,,,,,3898.69287109375,,0.8050410747528076,,,
137,5639,,,,,,3722.52587890625,,0.8192360997200012,,,
137,5657,,,,,,,,,7968030.0,2399.83447265625,0.7997955083847046
137,5657,,,,23842364.0,3807.926513671875,,0.8094009160995483,,,,
138,5659,,,,,,3852.37451171875,,0.7993490695953369,,,
138,5679,,,,,,3940.203369140625,,0.7874765396118164,,,
138,5698,,,,,,,,,8295731.0,2467.88525390625,0.7915617823600769
138,5698,,,,24578140.0,3868.295654296875,,0.8036121726036072,,,,
139,5699,,,,,,3893.67138671875,,0.7963899970054626,,,
139,5719,,,,,,3732.2861328125,,0.8242985606193542,,,
139,5739,,,,,,3743.343505859375,,0.8228441476821899,,,
139,5739,,,,,,,,,7897787.5,2406.1650390625,0.8015604615211487
139,5739,,,,23781182.0,3800.99951171875,,0.8098337650299072,,,,
140,5759,,,,,,3800.031982421875,,0.8038247227668762,,,
140,5779,,,,,,3584.634765625,,0.8261051177978516,,,
140,5780,,,,,,,,,7441580.0,2306.98779296875,0.8130230903625488
140,5780,,,,24183208.0,3836.21533203125,,0.8068968057632446,,,,
141,5799,,,,,,3733.947265625,,0.8159229755401611,,,
141,5819,,,,,,3817.470947265625,,0.8101523518562317,,,
141,5821,,,,,,,,,8169607.5,2396.826416015625,0.7947306632995605
141,5821,,,,24070962.0,3838.73583984375,,0.8078048229217529,,,,
142,5839,,,,,,3749.978271484375,,0.8117979764938354,,,
142,5859,,,,,,3875.615966796875,,0.8021008968353271,,,
142,5862,,,,,,,,,10059878.0,2771.1005859375,0.747235894203186
142,5862,,,,24273140.0,3853.241455078125,,0.8059825301170349,,,,
143,5879,,,,,,3806.869140625,,0.8093541264533997,,,
143,5899,,,,,,3778.364990234375,,0.8022098541259766,,,
143,5903,,,,,,,,,9285312.0,2648.511474609375,0.7666975259780884
143,5903,,,,23867812.0,3802.97900390625,,0.8092464804649353,,,,
144,5919,,,,,,3750.6806640625,,0.8114128112792969,,,
144,5939,,,,,,3895.578125,,0.8028125166893005,,,
144,5944,,,,,,,,,7296382.5,2282.41650390625,0.8166713118553162
144,5944,,,,24083466.0,3818.112548828125,,0.8074629306793213,,,,
145,5959,,,,,,3767.710205078125,,0.8080925941467285,,,
145,5979,,,,,,3703.000244140625,,0.8345434069633484,,,
145,5985,,,,,,,,,8743470.0,2516.735107421875,0.7803118824958801
145,5985,,,,23754522.0,3799.74462890625,,0.8101630806922913,,,,
146,5999,,,,,,3785.544677734375,,0.8231967091560364,,,
146,6019,,,,,,3822.07275390625,,0.8042315244674683,,,
146,6026,,,,,,,,,8174885.0,2454.128173828125,0.7945981025695801
146,6026,,,,23814104.0,3800.87109375,,0.8095819354057312,,,,
147,6039,,,,,,3792.072021484375,,0.7984591722488403,,,
147,6059,,,,,,3727.683837890625,,0.8233073949813843,,,
147,6067,,,,,,,,,7560886.5,2320.089599609375,0.8100253939628601
147,6067,,,,24062330.0,3827.58447265625,,0.8077020645141602,,,,
148,6079,,,,,,3881.81298828125,,0.7918628454208374,,,
148,6099,,,,,,3863.07763671875,,0.8126829266548157,,,
148,6108,,,,,,,,,7352121.0,2310.182861328125,0.8152708411216736
148,6108,,,,24084008.0,3834.906005859375,,0.8074548244476318,,,,
149,6119,,,,,,3804.93359375,,0.7969071269035339,,,
149,6139,,,,,,3895.890380859375,,0.8000975847244263,,,
149,6149,,,,,,,,,9546060.0,2689.2646484375,0.7601460218429565
149,6149,,,,24177790.0,3834.7607421875,,0.8064388036727905,,,,
150,6159,,,,,,3897.980712890625,,0.7993431091308594,,,
150,6179,,,,,,3771.91455078125,,0.8242691159248352,,,
150,6190,,,,,,,,,8308298.5,2480.5849609375,0.7912459373474121
150,6190,,,,23912940.0,3816.542236328125,,0.8088518381118774,,,,
151,6199,,,,,,3793.50146484375,,0.8150436878204346,,,
151,6219,,,,,,3931.765380859375,,0.7972934246063232,,,
151,6231,,,,,,,,,9360818.0,2630.2900390625,0.7648003697395325
151,6231,,,,23498528.0,3790.87744140625,,0.8120513558387756,,,,
152,6239,,,,,,4028.13232421875,,0.7800456285476685,,,
152,6259,,,,,,3714.69580078125,,0.8072284460067749,,,
152,6272,,,,,,,,,8943913.0,2576.1201171875,0.7752755284309387
152,6272,,,,23705562.0,3804.194580078125,,0.8105025291442871,,,,
153,6279,,,,,,3853.384521484375,,0.7895111441612244,,,
153,6299,,,,,,3835.489990234375,,0.7966788411140442,,,
153,6313,,,,,,,,,8968680.0,2566.7314453125,0.7746532559394836
153,6313,,,,24170232.0,3837.970947265625,,0.8068955540657043,,,,
154,6319,,,,,,3715.06689453125,,0.8130111694335938,,,
154,6339,,,,,,3853.882080078125,,0.8065703511238098,,,
154,6354,,,,,,,,,8868340.0,2572.246337890625,0.7771743535995483
154,6354,,,,24394970.0,3836.408203125,,0.8052700161933899,,,,
155,6359,,,,,,3738.329345703125,,0.822966456413269,,,
155,6379,,,,,,3886.468017578125,,0.8063063025474548,,,
155,6395,,,,,,,,,9246548.0,2621.7958984375,0.767671525478363
155,6395,,,,24054550.0,3826.0634765625,,0.8079123497009277,,,,
156,6399,,,,,,3801.715576171875,,0.8162624835968018,,,
156,6419,,,,,,3913.798095703125,,0.7964726090431213,,,
156,6436,,,,,,,,,7598952.0,2340.793212890625,0.8090689778327942
156,6436,,,,23777756.0,3807.3408203125,,0.8099892735481262,,,,
157,6439,,,,,,3715.992919921875,,0.8141886591911316,,,
157,6459,,,,,,3921.91748046875,,0.7909390330314636,,,
157,6477,,,,,,,,,7436696.0,2307.783447265625,0.8131458163261414
157,6477,,,,23890610.0,3821.16796875,,0.8090224862098694,,,,
158,6479,,,,,,3775.6904296875,,0.8128774762153625,,,
158,6499,,,,,,3781.634521484375,,0.8200861215591431,,,
158,6518,,,,,,,,,8393693.0,2503.454345703125,0.7891003489494324
158,6518,,,,23945596.0,3822.86376953125,,0.808718740940094,,,,
159,6519,,,,,,3969.4033203125,,0.8029426336288452,,,
159,6539,,,,,,3894.4130859375,,0.8054636120796204,,,
159,6559,,,,,,3946.29296875,,0.7959486842155457,,,
159,6559,,,,,,,,,9471989.0,2688.576904296875,0.7620071172714233
159,6559,,,,23825536.0,3814.582763671875,,0.8096426129341125,,,,
160,6579,,,,,,3736.4970703125,,0.8060587644577026,,,
160,6599,,,,,,3718.368896484375,,0.8289477825164795,,,
160,6600,,,,,,,,,7993524.5,2397.271484375,0.7991549968719482
160,6600,,,,23788094.0,3811.013427734375,,0.8097794651985168,,,,
161,6619,,,,,,3741.4560546875,,0.812439501285553,,,
161,6639,,,,,,3800.591064453125,,0.8242853879928589,,,
161,6641,,,,,,,,,7327872.5,2252.830078125,0.8158801198005676
161,6641,,,,23646132.0,3794.40283203125,,0.8109037280082703,,,,
162,6659,,,,,,3672.484619140625,,0.8043212294578552,,,
162,6679,,,,,,3801.221435546875,,0.8195599317550659,,,
162,6682,,,,,,,,,7852405.5,2415.248779296875,0.8027007579803467
162,6682,,,,23935302.0,3817.42431640625,,0.8087794184684753,,,,
163,6699,,,,,,3904.7861328125,,0.7955838441848755,,,
163,6719,,,,,,3674.9970703125,,0.815176784992218,,,
163,6723,,,,,,,,,8818504.0,2557.614013671875,0.7784265279769897
163,6723,,,,23883346.0,3810.946533203125,,0.8090405464172363,,,,
164,6739,,,,,,3760.06103515625,,0.8305653929710388,,,
164,6759,,,,,,3739.47607421875,,0.8013075590133667,,,
164,6764,,,,,,,,,7746508.0,2355.408447265625,0.8053615093231201
164,6764,,,,23741666.0,3803.55419921875,,0.8103695511817932,,,,
165,6779,,,,,,3808.099609375,,0.8048471212387085,,,
165,6799,,,,,,3724.429443359375,,0.8119985461235046,,,
165,6805,,,,,,,,,7170716.0,2252.657958984375,0.8198288083076477
165,6805,,,,23568404.0,3794.419677734375,,0.8116206526756287,,,,
166,6819,,,,,,3872.7880859375,,0.8014609813690186,,,
166,6839,,,,,,3788.182861328125,,0.8059532046318054,,,
166,6846,,,,,,,,,7735493.5,2373.419677734375,0.8056382536888123
166,6846,,,,23637820.0,3791.10693359375,,0.811052143573761,,,,
167,6859,,,,,,3670.855224609375,,0.8144340515136719,,,
167,6879,,,,,,3883.067138671875,,0.8018468022346497,,,
167,6887,,,,,,,,,6773688.0,2165.025146484375,0.829804539680481
167,6887,,,,23690930.0,3799.4755859375,,0.8106907606124878,,,,
168,6899,,,,,,3568.83984375,,0.8179242610931396,,,
168,6919,,,,,,3975.579833984375,,0.7902644872665405,,,
168,6928,,,,,,,,,7530720.5,2317.674560546875,0.8107833862304688
168,6928,,,,23731180.0,3795.78173828125,,0.8103799223899841,,,,
169,6939,,,,,,3840.27880859375,,0.8169472813606262,,,
169,6959,,,,,,3652.075927734375,,0.8219556212425232,,,
169,6969,,,,,,,,,7909525.5,2388.644775390625,0.8012655377388
169,6969,,,,23702010.0,3793.187255859375,,0.8106546401977539,,,,
170,6979,,,,,,3779.53369140625,,0.791688084602356,,,
170,6999,,,,,,3895.114501953125,,0.8128384351730347,,,
170,7010,,,,,,,,,8533728.0,2498.6865234375,0.7855818271636963
170,7010,,,,23936804.0,3815.22265625,,0.8085203170776367,,,,
171,7019,,,,,,3785.02685546875,,0.7982864379882812,,,
171,7039,,,,,,3703.717529296875,,0.8114433288574219,,,
171,7051,,,,,,,,,8893652.0,2564.522705078125,0.7765384316444397
171,7051,,,,23870292.0,3801.882568359375,,0.8092906475067139,,,,
172,7059,,,,,,3887.898193359375,,0.808401346206665,,,
172,7079,,,,,,3741.546875,,0.8261229991912842,,,
172,7092,,,,,,,,,6905209.0,2232.431884765625,0.8264999389648438
172,7092,,,,23767346.0,3795.895751953125,,0.8101310729980469,,,,
173,7099,,,,,,3689.02392578125,,0.8227912783622742,,,
173,7119,,,,,,3922.9814453125,,0.7908435463905334,,,
173,7133,,,,,,,,,8397784.0,2481.01513671875,0.7889975309371948
173,7133,,,,23559552.0,3781.432861328125,,0.8117908239364624,,,,
174,7139,,,,,,3741.980712890625,,0.8251436352729797,,,
174,7159,,,,,,3744.47607421875,,0.8190612196922302,,,
174,7174,,,,,,,,,8171162.5,2442.405517578125,0.7946916222572327
174,7174,,,,23575402.0,3804.311767578125,,0.811328649520874,,,,
175,7179,,,,,,3867.313720703125,,0.7975785732269287,,,
175,7199,,,,,,3849.70458984375,,0.8117094039916992,,,
175,7215,,,,,,,,,9652127.0,2702.506103515625,0.7574809789657593
175,7215,,,,23484880.0,3783.237548828125,,0.812224805355072,,,,
176,7219,,,,,,3692.4931640625,,0.8227349519729614,,,
176,7239,,,,,,4009.563232421875,,0.7986763119697571,,,
176,7256,,,,,,,,,7066785.0,2266.0673828125,0.8224402070045471
176,7256,,,,23760596.0,3795.9453125,,0.8102902173995972,,,,
177,7259,,,,,,3714.5126953125,,0.8146166801452637,,,
177,7279,,,,,,3978.4833984375,,0.7841344475746155,,,
177,7297,,,,,,,,,7773607.5,2365.43603515625,0.804680585861206
177,7297,,,,23604778.0,3796.4921875,,0.8113330602645874,,,,
178,7299,,,,,,3737.47265625,,0.8212129473686218,,,
178,7319,,,,,,3677.028076171875,,0.8194841146469116,,,
178,7338,,,,,,,,,7633521.0,2359.119384765625,0.8082004189491272
178,7338,,,,23656910.0,3800.378662109375,,0.8109539747238159,,,,
179,7339,,,,,,3832.277099609375,,0.8101463317871094,,,
179,7359,,,,,,3763.502197265625,,0.818507194519043,,,
179,7379,,,,,,3747.716796875,,0.8086420893669128,,,
179,7379,,,,,,,,,8256123.0,2462.1640625,0.792556881904602
179,7379,,,,23646588.0,3781.86669921875,,0.8109878897666931,,,,
180,7399,,,,,,3789.098388671875,,0.810584545135498,,,
180,7419,,,,,,3801.5390625,,0.8162999153137207,,,
180,7420,,,,,,,,,7589203.5,2362.808349609375,0.809313952922821
180,7420,,,,24028632.0,3813.107666015625,,0.8079375624656677,,,,
181,7439,,,,,,3816.131103515625,,0.8062208890914917,,,
181,7459,,,,,,3598.32421875,,0.8318557739257812,,,
181,7461,,,,,,,,,8345825.0,2460.578857421875,0.7903030514717102
181,7461,,,,23508732.0,3777.0732421875,,0.8121393322944641,,,,
182,7479,,,,,,3635.407958984375,,0.8167470693588257,,,
182,7499,,,,,,3734.399169921875,,0.8068664073944092,,,
182,7502,,,,,,,,,8298107.5,2465.32763671875,0.7915019989013672
182,7502,,,,23504748.0,3779.248291015625,,0.8121662735939026,,,,
183,7519,,,,,,3781.15625,,0.8064742088317871,,,
183,7539,,,,,,3792.58544921875,,0.7960319519042969,,,
183,7543,,,,,,,,,8167424.0,2468.95849609375,0.7947856187820435
183,7543,,,,23579884.0,3781.8544921875,,0.8115890026092529,,,,
184,7559,,,,,,3792.25927734375,,0.8091027736663818,,,
184,7579,,,,,,3723.61181640625,,0.811089813709259,,,
184,7584,,,,,,,,,9131871.0,2609.58544921875,0.7705528736114502
184,7584,,,,23400044.0,3769.62890625,,0.8130866289138794,,,,
185,7599,,,,,,3763.391845703125,,0.7999354004859924,,,
185,7619,,,,,,3824.048095703125,,0.798349142074585,,,
185,7625,,,,,,,,,8277649.5,2473.6259765625,0.7920160293579102
185,7625,,,,23621826.0,3785.6259765625,,0.8113400340080261,,,,
186,7639,,,,,,3842.272216796875,,0.813697338104248,,,
186,7659,,,,,,3693.07421875,,0.7961693406105042,,,
186,7666,,,,,,,,,7056800.5,2222.940185546875,0.822691023349762
186,7666,,,,23590494.0,3789.479736328125,,0.8112247586250305,,,,
187,7679,,,,,,3978.20556640625,,0.8081635236740112,,,
187,7699,,,,,,3594.464599609375,,0.8181234002113342,,,
187,7707,,,,,,,,,7152469.5,2263.396240234375,0.82028728723526
187,7707,,,,23330530.0,3761.2041015625,,0.81351637840271,,,,
188,7719,,,,,,3836.114990234375,,0.8077322244644165,,,
188,7739,,,,,,3921.589599609375,,0.803747296333313,,,
188,7748,,,,,,,,,8467693.0,2488.990478515625,0.7872409820556641
188,7748,,,,23899796.0,3819.982666015625,,0.8089410662651062,,,,
189,7759,,,,,,3789.805419921875,,0.8029597997665405,,,
189,7779,,,,,,3946.742431640625,,0.780332088470459,,,
189,7789,,,,,,,,,9413619.0,2671.516845703125,0.7634736895561218
189,7789,,,,23480508.0,3778.599365234375,,0.8123380541801453,,,,
190,7799,,,,,,3948.896240234375,,0.7946802377700806,,,
190,7819,,,,,,3751.98046875,,0.8034496903419495,,,
190,7830,,,,,,,,,9442650.0,2647.491455078125,0.7627443075180054
190,7830,,,,23519076.0,3792.99853515625,,0.8120179176330566,,,,
191,7839,,,,,,3756.372314453125,,0.802851676940918,,,
191,7859,,,,,,3676.384765625,,0.8008513450622559,,,
191,7871,,,,,,,,,9017105.0,2589.608642578125,0.7734365463256836
191,7871,,,,23441046.0,3778.61767578125,,0.8123091459274292,,,,
192,7879,,,,,,3778.38623046875,,0.8077170848846436,,,
192,7899,,,,,,3927.587646484375,,0.7924191951751709,,,
192,7912,,,,,,,,,7326162.0,2283.01025390625,0.8159230947494507
192,7912,,,,23363752.0,3783.44580078125,,0.8130835890769958,,,,
193,7919,,,,,,3804.644775390625,,0.8314624428749084,,,
193,7939,,,,,,3762.233154296875,,0.8087235689163208,,,
193,7953,,,,,,,,,8925094.0,2587.65185546875,0.7757483720779419
193,7953,,,,23152838.0,3746.846435546875,,0.8149973750114441,,,,
194,7959,,,,,,3692.86767578125,,0.8296586871147156,,,
194,7979,,,,,,3746.885498046875,,0.8185795545578003,,,
194,7994,,,,,,,,,8812490.0,2585.15478515625,0.7785776853561401
194,7994,,,,23087688.0,3750.978759765625,,0.8155667781829834,,,,
195,7999,,,,,,3885.68017578125,,0.8274032473564148,,,
195,8019,,,,,,3752.1259765625,,0.8108134865760803,,,
195,8035,,,,,,,,,7801198.5,2363.5546875,0.8039873838424683
195,8035,,,,23195910.0,3757.64306640625,,0.8144858479499817,,,,
196,8039,,,,,,3762.1396484375,,0.8110202550888062,,,
196,8059,,,,,,3575.361572265625,,0.8193123936653137,,,
196,8076,,,,,,,,,8433332.0,2485.232421875,0.7881044149398804
196,8076,,,,22854388.0,3729.39306640625,,0.8174201250076294,,,,
197,8079,,,,,,3749.318115234375,,0.8223585486412048,,,
197,8099,,,,,,3862.626220703125,,0.8076081275939941,,,
197,8117,,,,,,,,,7898125.0,2391.279296875,0.8015519976615906
197,8117,,,,23473970.0,3766.718017578125,,0.8123972415924072,,,,
198,8119,,,,,,3824.81591796875,,0.7876458764076233,,,
198,8139,,,,,,3661.049560546875,,0.8164586424827576,,,
198,8158,,,,,,,,,9523586.0,2700.72412109375,0.7607107162475586
198,8158,,,,23271834.0,3751.6689453125,,0.8140295743942261,,,,
199,8159,,,,,,3671.151611328125,,0.8220944404602051,,,
199,8179,,,,,,3776.561767578125,,0.8104400634765625,,,
199,8199,,,,,,3750.334716796875,,0.8051927089691162,,,
199,8199,,,,,,,,,8017864.5,2374.655517578125,0.798543393611908
199,8199,,,,23406410.0,3780.477294921875,,0.8127647042274475,,,,
200,8200,8017864.5,2374.655517578125,0.798543393611908,,,,,,,,
