HourEnding,Load_MW
2026-01-01 00:00:00,46229.83
2026-01-01 01:00:00,46216.97
2026-01-01 02:00:00,46148.07
2026-01-01 03:00:00,46250.84
2026-01-01 04:00:00,46690.5
2026-01-01 05:00:00,47369.17
2026-01-01 06:00:00,48431.97
2026-01-01 07:00:00,48992.24
2026-01-01 08:00:00,48788.65
2026-01-01 09:00:00,48066.5
2026-01-01 10:00:00,47183.15
2026-01-01 11:00:00,46462.57
2026-01-01 12:00:00,46129.92
2026-01-01 13:00:00,45880.08
2026-01-01 14:00:00,45724.56
2026-01-01 15:00:00,45791.54
2026-01-01 16:00:00,46173.23
2026-01-01 17:00:00,47409.51
2026-01-01 18:00:00,48567.03
2026-01-01 19:00:00,48255.7
2026-01-01 20:00:00,47733.55
2026-01-01 21:00:00,47022.06
2026-01-01 22:00:00,45712.55
2026-01-01 23:00:00,44223.96
2026-01-02 00:00:00,42904.89
2026-01-02 01:00:00,41810.6
2026-01-02 02:00:00,41163.62
2026-01-02 03:00:00,41016.18
2026-01-02 04:00:00,41447.59
2026-01-02 05:00:00,42430.75
2026-01-02 06:00:00,44131.57
2026-01-02 07:00:00,45486.96
2026-01-02 08:00:00,46141.26
2026-01-02 09:00:00,46683.57
2026-01-02 10:00:00,47263.45
2026-01-02 11:00:00,47887.46
2026-01-02 12:00:00,48882.58
2026-01-02 13:00:00,49931.54
2026-01-02 14:00:00,50979.74
2026-01-02 15:00:00,51964.14
2026-01-02 16:00:00,52538.74
2026-01-02 17:00:00,52167.5
2026-01-02 18:00:00,52163.16
2026-01-02 19:00:00,50894.59
2026-01-02 20:00:00,49899.63
2026-01-02 21:00:00,48798.81
2026-01-02 22:00:00,47306.44
2026-01-02 23:00:00,45631.1
2026-01-03 00:00:00,44049.28
2026-01-03 01:00:00,42863.91
2026-01-03 02:00:00,42010.11
2026-01-03 03:00:00,41431.84
2026-01-03 04:00:00,41298.5
2026-01-03 05:00:00,41621.64
2026-01-03 06:00:00,42555.27
2026-01-03 07:00:00,43711.16
2026-01-03 08:00:00,45115.12
2026-01-03 09:00:00,46226.92
2026-01-03 10:00:00,46821.38
2026-01-03 11:00:00,47306.74
2026-01-03 12:00:00,47823.97
2026-01-03 13:00:00,48207.38
2026-01-03 14:00:00,48498.41
2026-01-03 15:00:00,48893.72
2026-01-03 16:00:00,49133.49
2026-01-03 17:00:00,49547.33
2026-01-03 18:00:00,50016.19
2026-01-03 19:00:00,49007.99
2026-01-03 20:00:00,47628.16
2026-01-03 21:00:00,47327.94
2026-01-03 22:00:00,46381.14
2026-01-03 23:00:00,44851.48
2026-01-04 00:00:00,43561.92
2026-01-04 01:00:00,42695.53
2026-01-04 02:00:00,42367.59
2026-01-04 03:00:00,42373.12
2026-01-04 04:00:00,42578.67
2026-01-04 05:00:00,43249.25
2026-01-04 06:00:00,44509.54
2026-01-04 07:00:00,45927.68
2026-01-04 08:00:00,46971.24
2026-01-04 09:00:00,47580.62
2026-01-04 10:00:00,47005.12
2026-01-04 11:00:00,46616.43
2026-01-04 12:00:00,46669.01
2026-01-04 13:00:00,46812.14
2026-01-04 14:00:00,47109.09
2026-01-04 15:00:00,47451.59
2026-01-04 16:00:00,48162.2
2026-01-04 17:00:00,49286.0
2026-01-04 18:00:00,50369.01
2026-01-04 19:00:00,50109.76
2026-01-04 20:00:00,49545.77
2026-01-04 21:00:00,48493.53
2026-01-04 22:00:00,46958.01
2026-01-04 23:00:00,45190.34
2026-01-05 00:00:00,43845.36
2026-01-05 01:00:00,43110.04
2026-01-05 02:00:00,42597.87
2026-01-05 03:00:00,42597.13
2026-01-05 04:00:00,43581.92
2026-01-05 05:00:00,45370.18
2026-01-05 06:00:00,47878.3
2026-01-05 07:00:00,49529.63
2026-01-05 08:00:00,49924.55
2026-01-05 09:00:00,50261.83
2026-01-05 10:00:00,50520.44
2026-01-05 11:00:00,50551.07
2026-01-05 12:00:00,50583.71
2026-01-05 13:00:00,50797.86
2026-01-05 14:00:00,51261.84
2026-01-05 15:00:00,51611.27
2026-01-05 16:00:00,51932.75
2026-01-05 17:00:00,52430.58
2026-01-05 18:00:00,53362.0
2026-01-05 19:00:00,52691.3
2026-01-05 20:00:00,51647.3
2026-01-05 21:00:00,50181.96
2026-01-05 22:00:00,47978.85
2026-01-05 23:00:00,45740.92
2026-01-06 00:00:00,44005.54
2026-01-06 01:00:00,42935.13
2026-01-06 02:00:00,42241.83
2026-01-06 03:00:00,41833.39
2026-01-06 04:00:00,42508.1
2026-01-06 05:00:00,44060.7
2026-01-06 06:00:00,46866.91
2026-01-06 07:00:00,48191.11
2026-01-06 08:00:00,48548.01
2026-01-06 09:00:00,49052.08
2026-01-06 10:00:00,49579.58
2026-01-06 11:00:00,50252.71
2026-01-06 12:00:00,51089.15
2026-01-06 13:00:00,52092.93
2026-01-06 14:00:00,53222.28
2026-01-06 15:00:00,53947.09
2026-01-06 16:00:00,54596.59
2026-01-06 17:00:00,54423.69
2026-01-06 18:00:00,54358.14
2026-01-06 19:00:00,53319.93
2026-01-06 20:00:00,51921.31
2026-01-06 21:00:00,50355.22
2026-01-06 22:00:00,48277.34
2026-01-06 23:00:00,46033.53
2026-01-07 00:00:00,44085.63
2026-01-07 01:00:00,42948.7
2026-01-07 02:00:00,42538.36
2026-01-07 03:00:00,42426.59
2026-01-07 04:00:00,43181.9
2026-01-07 05:00:00,45233.83
2026-01-07 06:00:00,48369.82
2026-01-07 07:00:00,50019.66
2026-01-07 08:00:00,49924.81
2026-01-07 09:00:00,49616.73
2026-01-07 10:00:00,49565.1
2026-01-07 11:00:00,49915.35
2026-01-07 12:00:00,50908.85
2026-01-07 13:00:00,51911.14
2026-01-07 14:00:00,52471.52
2026-01-07 15:00:00,52729.71
2026-01-07 16:00:00,52827.95
2026-01-07 17:00:00,53365.38
2026-01-07 18:00:00,54503.37
2026-01-07 19:00:00,53811.81
2026-01-07 20:00:00,53044.95
2026-01-07 21:00:00,51801.35
2026-01-07 22:00:00,49563.32
2026-01-07 23:00:00,47162.49
2026-01-08 00:00:00,45181.48
2026-01-08 01:00:00,44006.76
2026-01-08 02:00:00,43451.39
2026-01-08 03:00:00,43005.67
2026-01-08 04:00:00,43403.77
2026-01-08 05:00:00,44922.45
2026-01-08 06:00:00,47637.03
2026-01-08 07:00:00,49376.35
2026-01-08 08:00:00,49889.63
2026-01-08 09:00:00,50743.29
2026-01-08 10:00:00,51397.45
2026-01-08 11:00:00,52159.12
2026-01-08 12:00:00,52623.07
2026-01-08 13:00:00,53274.79
2026-01-08 14:00:00,53564.02
2026-01-08 15:00:00,53677.04
2026-01-08 16:00:00,53646.53
2026-01-08 17:00:00,53828.74
2026-01-08 18:00:00,54585.0
2026-01-08 19:00:00,53660.2
2026-01-08 20:00:00,52548.78
2026-01-08 21:00:00,51114.57
2026-01-08 22:00:00,48742.28
2026-01-08 23:00:00,46142.72
2026-01-09 00:00:00,43795.77
2026-01-09 01:00:00,42609.07
2026-01-09 02:00:00,42089.99
2026-01-09 03:00:00,41928.61
2026-01-09 04:00:00,42389.65
2026-01-09 05:00:00,44097.66
2026-01-09 06:00:00,47265.41
2026-01-09 07:00:00,49116.63
2026-01-09 08:00:00,49367.06
2026-01-09 09:00:00,50516.5
2026-01-09 10:00:00,50914.91
2026-01-09 11:00:00,51196.71
2026-01-09 12:00:00,51598.22
2026-01-09 13:00:00,52090.13
2026-01-09 14:00:00,52300.8
2026-01-09 15:00:00,52360.43
2026-01-09 16:00:00,52186.44
2026-01-09 17:00:00,52269.78
2026-01-09 18:00:00,52922.52
2026-01-09 19:00:00,52190.46
2026-01-09 20:00:00,51690.78
2026-01-09 21:00:00,51017.76
2026-01-09 22:00:00,49615.6
2026-01-09 23:00:00,47731.24
2026-01-10 00:00:00,46083.72
2026-01-10 01:00:00,44978.15
2026-01-10 02:00:00,44192.07
2026-01-10 03:00:00,44064.94
2026-01-10 04:00:00,44469.75
2026-01-10 05:00:00,45426.41
2026-01-10 06:00:00,47005.41
2026-01-10 07:00:00,48885.59
2026-01-10 08:00:00,50562.28
2026-01-10 09:00:00,51686.79
2026-01-10 10:00:00,51699.89
2026-01-10 11:00:00,50945.22
2026-01-10 12:00:00,50266.29
2026-01-10 13:00:00,49502.46
2026-01-10 14:00:00,48668.19
2026-01-10 15:00:00,48376.91
2026-01-10 16:00:00,48974.55
2026-01-10 17:00:00,50909.29
2026-01-10 18:00:00,53096.75
2026-01-10 19:00:00,53182.98
2026-01-10 20:00:00,53363.49
2026-01-10 21:00:00,53502.76
2026-01-10 22:00:00,52890.5
2026-01-10 23:00:00,51899.63
2026-01-11 00:00:00,50813.46
2026-01-11 01:00:00,50166.1
2026-01-11 02:00:00,49777.87
2026-01-11 03:00:00,49724.65
2026-01-11 04:00:00,50242.27
2026-01-11 05:00:00,51111.03
2026-01-11 06:00:00,52688.41
2026-01-11 07:00:00,54179.95
2026-01-11 08:00:00,55164.7
2026-01-11 09:00:00,54525.97
2026-01-11 10:00:00,52868.01
2026-01-11 11:00:00,51117.61
2026-01-11 12:00:00,49661.83
2026-01-11 13:00:00,48642.51
2026-01-11 14:00:00,48012.36
2026-01-11 15:00:00,48033.77
2026-01-11 16:00:00,48570.77
2026-01-11 17:00:00,50132.49
2026-01-11 18:00:00,52161.57
2026-01-11 19:00:00,52762.18
2026-01-11 20:00:00,52805.52
2026-01-11 21:00:00,52080.36
2026-01-11 22:00:00,50490.42
2026-01-11 23:00:00,48787.13
2026-01-12 00:00:00,47820.2
2026-01-12 01:00:00,47345.23
2026-01-12 02:00:00,47573.79
2026-01-12 03:00:00,48174.65
2026-01-12 04:00:00,49527.46
2026-01-12 05:00:00,52463.59
2026-01-12 06:00:00,56550.0
2026-01-12 07:00:00,58527.72
2026-01-12 08:00:00,58366.5
2026-01-12 09:00:00,57113.53
2026-01-12 10:00:00,55563.88
2026-01-12 11:00:00,53543.8
2026-01-12 12:00:00,51903.1
2026-01-12 13:00:00,50884.19
2026-01-12 14:00:00,50046.56
2026-01-12 15:00:00,49582.84
2026-01-12 16:00:00,49803.44
2026-01-12 17:00:00,51166.93
2026-01-12 18:00:00,53350.8
2026-01-12 19:00:00,53617.26
2026-01-12 20:00:00,53208.61
2026-01-12 21:00:00,52203.38
2026-01-12 22:00:00,50344.62
2026-01-12 23:00:00,48522.28
2026-01-13 00:00:00,47343.76
2026-01-13 01:00:00,46620.62
2026-01-13 02:00:00,46620.57
2026-01-13 03:00:00,46818.32
2026-01-13 04:00:00,47946.46
2026-01-13 05:00:00,50430.09
2026-01-13 06:00:00,53577.86
2026-01-13 07:00:00,55052.16
2026-01-13 08:00:00,54422.86
2026-01-13 09:00:00,54137.12
2026-01-13 10:00:00,53467.34
2026-01-13 11:00:00,52487.19
2026-01-13 12:00:00,51677.64
2026-01-13 13:00:00,50933.62
2026-01-13 14:00:00,50363.87
2026-01-13 15:00:00,50198.12
2026-01-13 16:00:00,50550.1
2026-01-13 17:00:00,52030.0
2026-01-13 18:00:00,53610.22
2026-01-13 19:00:00,53668.51
2026-01-13 20:00:00,53554.08
2026-01-13 21:00:00,52420.65
2026-01-13 22:00:00,50354.21
2026-01-13 23:00:00,48414.69
2026-01-14 00:00:00,47043.19
2026-01-14 01:00:00,46353.79
2026-01-14 02:00:00,46377.53
2026-01-14 03:00:00,46808.25
2026-01-14 04:00:00,47910.34
2026-01-14 05:00:00,50344.38
2026-01-14 06:00:00,53577.08
2026-01-14 07:00:00,54968.29
2026-01-14 08:00:00,53932.63
2026-01-14 09:00:00,52485.09
2026-01-14 10:00:00,51328.3
2026-01-14 11:00:00,50008.56
2026-01-14 12:00:00,49241.78
2026-01-14 13:00:00,48731.02
2026-01-14 14:00:00,48389.38
2026-01-14 15:00:00,48618.9
2026-01-14 16:00:00,49313.82
2026-01-14 17:00:00,50718.94
2026-01-14 18:00:00,52395.55
2026-01-14 19:00:00,52747.27
2026-01-14 20:00:00,52813.63
2026-01-14 21:00:00,52055.69
2026-01-14 22:00:00,50317.88
2026-01-14 23:00:00,48836.25
2026-01-15 00:00:00,47928.07
2026-01-15 01:00:00,47701.29
2026-01-15 02:00:00,47935.75
2026-01-15 03:00:00,48554.8
2026-01-15 04:00:00,50369.29
2026-01-15 05:00:00,53536.66
2026-01-15 06:00:00,58243.83
2026-01-15 07:00:00,60372.88
2026-01-15 08:00:00,59106.41
2026-01-15 09:00:00,56661.14
2026-01-15 10:00:00,54457.89
2026-01-15 11:00:00,52426.69
2026-01-15 12:00:00,50814.06
2026-01-15 13:00:00,49844.03
2026-01-15 14:00:00,49414.98
2026-01-15 15:00:00,49347.32
2026-01-15 16:00:00,49623.79
2026-01-15 17:00:00,50634.61
2026-01-15 18:00:00,52937.4
2026-01-15 19:00:00,53678.41
2026-01-15 20:00:00,53436.97
2026-01-15 21:00:00,52749.01
2026-01-15 22:00:00,51068.89
2026-01-15 23:00:00,49304.77
2026-01-16 00:00:00,48145.52
2026-01-16 01:00:00,47534.14
2026-01-16 02:00:00,47137.6
2026-01-16 03:00:00,47226.54
2026-01-16 04:00:00,48290.08
2026-01-16 05:00:00,50712.77
2026-01-16 06:00:00,54419.33
2026-01-16 07:00:00,56187.01
2026-01-16 08:00:00,55067.69
2026-01-16 09:00:00,53498.48
2026-01-16 10:00:00,52129.4
2026-01-16 11:00:00,50894.63
2026-01-16 12:00:00,49846.73
2026-01-16 13:00:00,49406.75
2026-01-16 14:00:00,49219.02
2026-01-16 15:00:00,49404.03
2026-01-16 16:00:00,49651.07
2026-01-16 17:00:00,50790.27
2026-01-16 18:00:00,52077.76
2026-01-16 19:00:00,52081.71
2026-01-16 20:00:00,51975.63
2026-01-16 21:00:00,51640.09
2026-01-16 22:00:00,50674.86
2026-01-16 23:00:00,49679.35
2026-01-17 00:00:00,48918.8
2026-01-17 01:00:00,48464.25
2026-01-17 02:00:00,48387.85
2026-01-17 03:00:00,48706.78
2026-01-17 04:00:00,49485.08
2026-01-17 05:00:00,50979.99
2026-01-17 06:00:00,53006.69
2026-01-17 07:00:00,55029.05
2026-01-17 08:00:00,56072.17
2026-01-17 09:00:00,56224.33
2026-01-17 10:00:00,56055.9
2026-01-17 11:00:00,55076.72
2026-01-17 12:00:00,53823.73
2026-01-17 13:00:00,52768.68
2026-01-17 14:00:00,52082.07
2026-01-17 15:00:00,52393.77
2026-01-17 16:00:00,53242.73
2026-01-17 17:00:00,55091.04
2026-01-17 18:00:00,57589.32
2026-01-17 19:00:00,58039.21
2026-01-17 20:00:00,58396.06
2026-01-17 21:00:00,58428.38
2026-01-17 22:00:00,57949.54
2026-01-17 23:00:00,57652.99
2026-01-18 00:00:00,57305.15
2026-01-18 01:00:00,57172.73
2026-01-18 02:00:00,57584.63
2026-01-18 03:00:00,58170.44
2026-01-18 04:00:00,58967.78
2026-01-18 05:00:00,60416.49
2026-01-18 06:00:00,62235.35
2026-01-18 07:00:00,64098.45
2026-01-18 08:00:00,63977.52
2026-01-18 09:00:00,61784.87
2026-01-18 10:00:00,58750.13
2026-01-18 11:00:00,55856.52
2026-01-18 12:00:00,53151.08
2026-01-18 13:00:00,50920.64
2026-01-18 14:00:00,49373.43
2026-01-18 15:00:00,48647.01
2026-01-18 16:00:00,48618.43
2026-01-18 17:00:00,50108.39
2026-01-18 18:00:00,52619.46
2026-01-18 19:00:00,53525.06
2026-01-18 20:00:00,53794.98
2026-01-18 21:00:00,53861.67
2026-01-18 22:00:00,53030.98
2026-01-18 23:00:00,51931.64
2026-01-19 00:00:00,51348.69
2026-01-19 01:00:00,51291.16
2026-01-19 02:00:00,51597.4
2026-01-19 03:00:00,52390.08
2026-01-19 04:00:00,53972.17
2026-01-19 05:00:00,56564.5
2026-01-19 06:00:00,59683.89
2026-01-19 07:00:00,62000.86
2026-01-19 08:00:00,61328.13
2026-01-19 09:00:00,59028.46
2026-01-19 10:00:00,56732.57
2026-01-19 11:00:00,54531.98
2026-01-19 12:00:00,52712.45
2026-01-19 13:00:00,51419.96
2026-01-19 14:00:00,50861.46
2026-01-19 15:00:00,50849.08
2026-01-19 16:00:00,51369.06
2026-01-19 17:00:00,53404.05
2026-01-19 18:00:00,55994.14
2026-01-19 19:00:00,56461.7
2026-01-19 20:00:00,56251.2
2026-01-19 21:00:00,55007.31
2026-01-19 22:00:00,53682.93
2026-01-19 23:00:00,52247.63
2026-01-20 00:00:00,51206.19
2026-01-20 01:00:00,50896.02
2026-01-20 02:00:00,51112.35
2026-01-20 03:00:00,51564.42
2026-01-20 04:00:00,53023.85
2026-01-20 05:00:00,55765.48
2026-01-20 06:00:00,59197.19
2026-01-20 07:00:00,60844.54
2026-01-20 08:00:00,59203.67
2026-01-20 09:00:00,59133.7
2026-01-20 10:00:00,56863.46
2026-01-20 11:00:00,55306.07
2026-01-20 12:00:00,53618.48
2026-01-20 13:00:00,52608.9
2026-01-20 14:00:00,51985.1
2026-01-20 15:00:00,51751.51
2026-01-20 16:00:00,52492.78
2026-01-20 17:00:00,54065.18
2026-01-20 18:00:00,55739.61
2026-01-20 19:00:00,55371.01
2026-01-20 20:00:00,54770.2
2026-01-20 21:00:00,53378.93
2026-01-20 22:00:00,51050.08
2026-01-20 23:00:00,48693.88
2026-01-21 00:00:00,46955.23
2026-01-21 01:00:00,45824.61
2026-01-21 02:00:00,45301.24
2026-01-21 03:00:00,45199.88
2026-01-21 04:00:00,45726.45
2026-01-21 05:00:00,47574.24
2026-01-21 06:00:00,50432.93
2026-01-21 07:00:00,51809.17
2026-01-21 08:00:00,51716.08
2026-01-21 09:00:00,51891.06
2026-01-21 10:00:00,51857.44
2026-01-21 11:00:00,51406.23
2026-01-21 12:00:00,50599.78
2026-01-21 13:00:00,49940.01
2026-01-21 14:00:00,49444.65
2026-01-21 15:00:00,49335.53
2026-01-21 16:00:00,49686.99
2026-01-21 17:00:00,50786.46
2026-01-21 18:00:00,52336.2
2026-01-21 19:00:00,52467.95
2026-01-21 20:00:00,52090.55
2026-01-21 21:00:00,51231.6
2026-01-21 22:00:00,49251.05
2026-01-21 23:00:00,47349.25
2026-01-22 00:00:00,45719.75
2026-01-22 01:00:00,45046.75
2026-01-22 02:00:00,44737.52
2026-01-22 03:00:00,44924.34
2026-01-22 04:00:00,46056.45
2026-01-22 05:00:00,48288.1
2026-01-22 06:00:00,51692.99
2026-01-22 07:00:00,53372.23
2026-01-22 08:00:00,53141.42
2026-01-22 09:00:00,52773.47
2026-01-22 10:00:00,52368.98
2026-01-22 11:00:00,51788.55
2026-01-22 12:00:00,51224.67
2026-01-22 13:00:00,50806.21
2026-01-22 14:00:00,50477.67
2026-01-22 15:00:00,50509.04
2026-01-22 16:00:00,51024.22
2026-01-22 17:00:00,51908.61
2026-01-22 18:00:00,53349.35
2026-01-22 19:00:00,53391.62
2026-01-22 20:00:00,53085.5
2026-01-22 21:00:00,51980.53
2026-01-22 22:00:00,49921.15
2026-01-22 23:00:00,47808.92
2026-01-23 00:00:00,45964.12
2026-01-23 01:00:00,44762.63
2026-01-23 02:00:00,44182.51
2026-01-23 03:00:00,44244.56
2026-01-23 04:00:00,44934.26
2026-01-23 05:00:00,46596.63
2026-01-23 06:00:00,49528.63
2026-01-23 07:00:00,51118.66
2026-01-23 08:00:00,51733.04
2026-01-23 09:00:00,52474.41
2026-01-23 10:00:00,53262.17
2026-01-23 11:00:00,53868.58
2026-01-23 12:00:00,54256.69
2026-01-23 13:00:00,54638.6
2026-01-23 14:00:00,54854.15
2026-01-23 15:00:00,54850.24
2026-01-23 16:00:00,55551.65
2026-01-23 17:00:00,56768.44
2026-01-23 18:00:00,58001.54
2026-01-23 19:00:00,57795.31
2026-01-23 20:00:00,57486.74
2026-01-23 21:00:00,56918.25
2026-01-23 22:00:00,55938.15
2026-01-23 23:00:00,54713.9
2026-01-24 00:00:00,53628.84
2026-01-24 01:00:00,52937.23
2026-01-24 02:00:00,52553.55
2026-01-24 03:00:00,52578.54
2026-01-24 04:00:00,53017.08
2026-01-24 05:00:00,54507.89
2026-01-24 06:00:00,56325.92
2026-01-24 07:00:00,58497.31
2026-01-24 08:00:00,60243.61
2026-01-24 09:00:00,61498.34
2026-01-24 10:00:00,63136.08
2026-01-24 11:00:00,64283.72
2026-01-24 12:00:00,65186.18
2026-01-24 13:00:00,65581.8
2026-01-24 14:00:00,65978.34
2026-01-24 15:00:00,66614.75
2026-01-24 16:00:00,67495.42
2026-01-24 17:00:00,68952.92
2026-01-24 18:00:00,70451.53
2026-01-24 19:00:00,70496.04
2026-01-24 20:00:00,70338.29
2026-01-24 21:00:00,69880.08
2026-01-24 22:00:00,68695.81
2026-01-24 23:00:00,67650.84
2026-01-25 00:00:00,67037.48
2026-01-25 01:00:00,66302.82
2026-01-25 02:00:00,66164.82
2026-01-25 03:00:00,66745.82
2026-01-25 04:00:00,67599.14
2026-01-25 05:00:00,68654.45
2026-01-25 06:00:00,70084.12
2026-01-25 07:00:00,71320.06
2026-01-25 08:00:00,71974.02
2026-01-25 09:00:00,72915.64
2026-01-25 10:00:00,73487.19
2026-01-25 11:00:00,72719.28
2026-01-25 12:00:00,71732.96
2026-01-25 13:00:00,70878.0
2026-01-25 14:00:00,70402.82
2026-01-25 15:00:00,70036.83
2026-01-25 16:00:00,70469.28
2026-01-25 17:00:00,72299.65
2026-01-25 18:00:00,74034.31
2026-01-25 19:00:00,73913.67
2026-01-25 20:00:00,73616.17
2026-01-25 21:00:00,72966.96
2026-01-25 22:00:00,71406.72
2026-01-25 23:00:00,70354.2
2026-01-26 00:00:00,69804.01
2026-01-26 01:00:00,69712.13
2026-01-26 02:00:00,69765.05
2026-01-26 03:00:00,70055.01
2026-01-26 04:00:00,70696.19
2026-01-26 05:00:00,72050.31
2026-01-26 06:00:00,73909.37
2026-01-26 07:00:00,75110.56
2026-01-26 08:00:00,75613.68
2026-01-26 09:00:00,74403.43
2026-01-26 10:00:00,72500.72
2026-01-26 11:00:00,69840.9
2026-01-26 12:00:00,66942.86
2026-01-26 13:00:00,63974.39
2026-01-26 14:00:00,61644.49
2026-01-26 15:00:00,60156.21
2026-01-26 16:00:00,60257.05
2026-01-26 17:00:00,62017.91
2026-01-26 18:00:00,65445.76
2026-01-26 19:00:00,67087.43
2026-01-26 20:00:00,67749.16
2026-01-26 21:00:00,67697.5
2026-01-26 22:00:00,66566.69
2026-01-26 23:00:00,65906.25
2026-01-27 00:00:00,65659.64
2026-01-27 01:00:00,65820.16
2026-01-27 02:00:00,66058.54
2026-01-27 03:00:00,66640.41
2026-01-27 04:00:00,67917.51
2026-01-27 05:00:00,69966.84
2026-01-27 06:00:00,72584.44
2026-01-27 07:00:00,74317.7
2026-01-27 08:00:00,73180.59
2026-01-27 09:00:00,69972.44
2026-01-27 10:00:00,66562.02
2026-01-27 11:00:00,63405.58
2026-01-27 12:00:00,60943.69
2026-01-27 13:00:00,58687.89
2026-01-27 14:00:00,57031.39
2026-01-27 15:00:00,56256.14
2026-01-27 16:00:00,56272.9
2026-01-27 17:00:00,57678.12
2026-01-27 18:00:00,59942.59
2026-01-27 19:00:00,60896.06
2026-01-27 20:00:00,61346.48
2026-01-27 21:00:00,61018.5
2026-01-27 22:00:00,59897.17
2026-01-27 23:00:00,58952.62
2026-01-28 00:00:00,58381.28
2026-01-28 01:00:00,58365.94
2026-01-28 02:00:00,58635.75
2026-01-28 03:00:00,59718.39
2026-01-28 04:00:00,61333.21
2026-01-28 05:00:00,63709.13
2026-01-28 06:00:00,66448.83
2026-01-28 07:00:00,67937.61
2026-01-28 08:00:00,66926.79
2026-01-28 09:00:00,64571.85
2026-01-28 10:00:00,60996.62
2026-01-28 11:00:00,57719.99
2026-01-28 12:00:00,55094.02
2026-01-28 13:00:00,53318.72
2026-01-28 14:00:00,51865.16
2026-01-28 15:00:00,51257.82
2026-01-28 16:00:00,51403.08
2026-01-28 17:00:00,52231.5
2026-01-28 18:00:00,55109.84
2026-01-28 19:00:00,56943.39
2026-01-28 20:00:00,58137.26
2026-01-28 21:00:00,58615.75
2026-01-28 22:00:00,57967.03
2026-01-28 23:00:00,56918.62
2026-01-29 00:00:00,56236.51
2026-01-29 01:00:00,56119.87
2026-01-29 02:00:00,56271.55
2026-01-29 03:00:00,56788.73
2026-01-29 04:00:00,58294.79
2026-01-29 05:00:00,61011.4
2026-01-29 06:00:00,64614.02
2026-01-29 07:00:00,65853.83
2026-01-29 08:00:00,63878.85
2026-01-29 09:00:00,60405.61
2026-01-29 10:00:00,57089.14
2026-01-29 11:00:00,54024.93
2026-01-29 12:00:00,51628.99
2026-01-29 13:00:00,50128.13
2026-01-29 14:00:00,49247.57
2026-01-29 15:00:00,49025.94
2026-01-29 16:00:00,49482.07
2026-01-29 17:00:00,51241.45
2026-01-29 18:00:00,54047.79
2026-01-29 19:00:00,55430.55
2026-01-29 20:00:00,55830.76
2026-01-29 21:00:00,55461.65
2026-01-29 22:00:00,54312.25
2026-01-29 23:00:00,53055.16
2026-01-30 00:00:00,52349.67
2026-01-30 01:00:00,52172.98
2026-01-30 02:00:00,52364.18
2026-01-30 03:00:00,53207.94
2026-01-30 04:00:00,55046.6
2026-01-30 05:00:00,57930.11
2026-01-30 06:00:00,62152.55
2026-01-30 07:00:00,64289.54
2026-01-30 08:00:00,64353.53
2026-01-30 09:00:00,63780.48
2026-01-30 10:00:00,61977.14
2026-01-30 11:00:00,59883.5
2026-01-30 12:00:00,57847.52
2026-01-30 13:00:00,56317.15
2026-01-30 14:00:00,55124.53
2026-01-30 15:00:00,54260.69
2026-01-30 16:00:00,54665.1
2026-01-30 17:00:00,56102.65
2026-01-30 18:00:00,57957.67
2026-01-30 19:00:00,58901.25
2026-01-30 20:00:00,59689.02
2026-01-30 21:00:00,59992.19
2026-01-30 22:00:00,59575.11
2026-01-30 23:00:00,59034.77
2026-01-31 00:00:00,58989.87
2026-01-31 01:00:00,59127.43
2026-01-31 02:00:00,60007.91
2026-01-31 03:00:00,60724.86
2026-01-31 04:00:00,61948.79
2026-01-31 05:00:00,63984.08
2026-01-31 06:00:00,66580.61
2026-01-31 07:00:00,68972.78
2026-01-31 08:00:00,69831.83
2026-01-31 09:00:00,69201.61
2026-01-31 10:00:00,67336.61
2026-01-31 11:00:00,65035.65
2026-01-31 12:00:00,62663.51
2026-01-31 13:00:00,60360.8
2026-01-31 14:00:00,58352.12
2026-01-31 15:00:00,57608.82
2026-01-31 16:00:00,57990.72
2026-01-31 17:00:00,59713.61
2026-01-31 18:00:00,62307.88
2026-01-31 19:00:00,63631.14
2026-01-31 20:00:00,64358.55
2026-01-31 21:00:00,64639.07
2026-01-31 22:00:00,64593.14
2026-01-31 23:00:00,64131.49
2026-02-01 00:00:00,63439.18
2026-02-01 01:00:00,62945.58
2026-02-01 02:00:00,63038.45
2026-02-01 03:00:00,63266.15
2026-02-01 04:00:00,63938.2
2026-02-01 05:00:00,65688.14
2026-02-01 06:00:00,67914.71
2026-02-01 07:00:00,69578.34
2026-02-01 08:00:00,69402.5
2026-02-01 09:00:00,67172.32
2026-02-01 10:00:00,63809.17
2026-02-01 11:00:00,60429.21
2026-02-01 12:00:00,57446.62
2026-02-01 13:00:00,54908.15
2026-02-01 14:00:00,52810.28
2026-02-01 15:00:00,51694.84
2026-02-01 16:00:00,51634.84
2026-02-01 17:00:00,53250.71
2026-02-01 18:00:00,56381.86
2026-02-01 19:00:00,58166.82
2026-02-01 20:00:00,59027.0
2026-02-01 21:00:00,59054.2
2026-02-01 22:00:00,57725.54
2026-02-01 23:00:00,56214.19
2026-02-02 00:00:00,55194.99
2026-02-02 01:00:00,54668.85
2026-02-02 02:00:00,55084.73
2026-02-02 03:00:00,55736.16
2026-02-02 04:00:00,57127.89
2026-02-02 05:00:00,59978.72
2026-02-02 06:00:00,63922.06
2026-02-02 07:00:00,65004.99
2026-02-02 08:00:00,62636.68
2026-02-02 09:00:00,59329.91
2026-02-02 10:00:00,56425.86
2026-02-02 11:00:00,53930.64
2026-02-02 12:00:00,51946.47
2026-02-02 13:00:00,50781.07
2026-02-02 14:00:00,49993.35
2026-02-02 15:00:00,49657.48
2026-02-02 16:00:00,50153.51
2026-02-02 17:00:00,51118.4
2026-02-02 18:00:00,52917.93
2026-02-02 19:00:00,53290.32
2026-02-02 20:00:00,52663.46
2026-02-02 21:00:00,51512.22
2026-02-02 22:00:00,49460.07
2026-02-02 23:00:00,47278.96
2026-02-03 00:00:00,45660.03
2026-02-03 01:00:00,44577.99
2026-02-03 02:00:00,43996.36
2026-02-03 03:00:00,43878.72
2026-02-03 04:00:00,44336.8
2026-02-03 05:00:00,46392.05
2026-02-03 06:00:00,49628.35
2026-02-03 07:00:00,50931.37
2026-02-03 08:00:00,50800.23
2026-02-03 09:00:00,50739.0
2026-02-03 10:00:00,50511.94
2026-02-03 11:00:00,50212.32
2026-02-03 12:00:00,49836.09
2026-02-03 13:00:00,49431.19
2026-02-03 14:00:00,49036.17
2026-02-03 15:00:00,48774.2
2026-02-03 16:00:00,49219.73
2026-02-03 17:00:00,49928.08
2026-02-03 18:00:00,51442.17
2026-02-03 19:00:00,51929.59
2026-02-03 20:00:00,51673.28
2026-02-03 21:00:00,50570.51
2026-02-03 22:00:00,48608.99
2026-02-03 23:00:00,46756.41
2026-02-04 00:00:00,45287.99
2026-02-04 01:00:00,44794.68
2026-02-04 02:00:00,44655.21
2026-02-04 03:00:00,45084.14
2026-02-04 04:00:00,46539.17
2026-02-04 05:00:00,49566.03
2026-02-04 06:00:00,53732.97
2026-02-04 07:00:00,55785.93
2026-02-04 08:00:00,54899.02
2026-02-04 09:00:00,53534.02
2026-02-04 10:00:00,52465.92
2026-02-04 11:00:00,51410.91
2026-02-04 12:00:00,50416.15
2026-02-04 13:00:00,49569.06
2026-02-04 14:00:00,48975.44
2026-02-04 15:00:00,48882.76
2026-02-04 16:00:00,49432.45
2026-02-04 17:00:00,50776.79
2026-02-04 18:00:00,53102.71
2026-02-04 19:00:00,54107.5
2026-02-04 20:00:00,54343.82
2026-02-04 21:00:00,53850.97
2026-02-04 22:00:00,52029.46
2026-02-04 23:00:00,50420.42
2026-02-05 00:00:00,49640.97
2026-02-05 01:00:00,49634.3
2026-02-05 02:00:00,49995.51
2026-02-05 03:00:00,50850.86
2026-02-05 04:00:00,52386.38
2026-02-05 05:00:00,55352.85
2026-02-05 06:00:00,59736.2
2026-02-05 07:00:00,61572.23
2026-02-05 08:00:00,59287.49
2026-02-05 09:00:00,56415.14
2026-02-05 10:00:00,53745.64
2026-02-05 11:00:00,51464.01
2026-02-05 12:00:00,49769.22
2026-02-05 13:00:00,48679.07
2026-02-05 14:00:00,48252.74
2026-02-05 15:00:00,48018.15
2026-02-05 16:00:00,48265.6
2026-02-05 17:00:00,49136.0
2026-02-05 18:00:00,50951.61
2026-02-05 19:00:00,51732.62
2026-02-05 20:00:00,51793.03
2026-02-05 21:00:00,51089.16
2026-02-05 22:00:00,49586.08
2026-02-05 23:00:00,47790.64
2026-02-06 00:00:00,46415.88
2026-02-06 01:00:00,45757.69
2026-02-06 02:00:00,45833.09
2026-02-06 03:00:00,46313.5
2026-02-06 04:00:00,47432.6
2026-02-06 05:00:00,49990.07
2026-02-06 06:00:00,53690.64
2026-02-06 07:00:00,55100.18
2026-02-06 08:00:00,54323.02
2026-02-06 09:00:00,52637.82
2026-02-06 10:00:00,50776.62
2026-02-06 11:00:00,49468.45
2026-02-06 12:00:00,48571.17
2026-02-06 13:00:00,48592.74
2026-02-06 14:00:00,48859.58
2026-02-06 15:00:00,49432.36
2026-02-06 16:00:00,50102.23
2026-02-06 17:00:00,50340.36
2026-02-06 18:00:00,50352.45
2026-02-06 19:00:00,49618.46
2026-02-06 20:00:00,48676.39
2026-02-06 21:00:00,47641.96
2026-02-06 22:00:00,46255.74
2026-02-06 23:00:00,44683.05
2026-02-07 00:00:00,43342.95
2026-02-07 01:00:00,42542.76
2026-02-07 02:00:00,42129.65
2026-02-07 03:00:00,42330.4
2026-02-07 04:00:00,43042.08
2026-02-07 05:00:00,44508.06
2026-02-07 06:00:00,46442.26
2026-02-07 07:00:00,47927.48
2026-02-07 08:00:00,48970.5
2026-02-07 09:00:00,48645.51
2026-02-07 10:00:00,47884.09
2026-02-07 11:00:00,47177.43
2026-02-07 12:00:00,46804.06
2026-02-07 13:00:00,46928.89
2026-02-07 14:00:00,47407.09
2026-02-07 15:00:00,48071.18
2026-02-07 16:00:00,48544.07
2026-02-07 17:00:00,48611.67
2026-02-07 18:00:00,48925.34
2026-02-07 19:00:00,48794.4
2026-02-07 20:00:00,48156.65
2026-02-07 21:00:00,47368.93
2026-02-07 22:00:00,46124.56
2026-02-07 23:00:00,44719.18
2026-02-08 00:00:00,43363.79
2026-02-08 01:00:00,42450.7
2026-02-08 02:00:00,41854.35
2026-02-08 03:00:00,41363.12
2026-02-08 04:00:00,41691.95
2026-02-08 05:00:00,42201.4
2026-02-08 06:00:00,43190.81
2026-02-08 07:00:00,44422.22
2026-02-08 08:00:00,45710.14
2026-02-08 09:00:00,46761.33
2026-02-08 10:00:00,46863.21
2026-02-08 11:00:00,46762.49
2026-02-08 12:00:00,47048.14
2026-02-08 13:00:00,47532.17
2026-02-08 14:00:00,48169.49
2026-02-08 15:00:00,48889.41
2026-02-08 16:00:00,49903.1
2026-02-08 17:00:00,50181.42
2026-02-08 18:00:00,50045.62
2026-02-08 19:00:00,49175.08
2026-02-08 20:00:00,48001.23
2026-02-08 21:00:00,47223.36
2026-02-08 22:00:00,46026.7
2026-02-08 23:00:00,43732.78
2026-02-09 00:00:00,41998.18
2026-02-09 01:00:00,40772.48
2026-02-09 02:00:00,40135.05
2026-02-09 03:00:00,40149.68
2026-02-09 04:00:00,40836.09
2026-02-09 05:00:00,42736.6
2026-02-09 06:00:00,46035.77
2026-02-09 07:00:00,47772.93
2026-02-09 08:00:00,48004.55
2026-02-09 09:00:00,48365.79
2026-02-09 10:00:00,48895.86
2026-02-09 11:00:00,49006.8
2026-02-09 12:00:00,49685.33
2026-02-09 13:00:00,50813.93
2026-02-09 14:00:00,51829.04
2026-02-09 15:00:00,52414.65
2026-02-09 16:00:00,53452.11
2026-02-09 17:00:00,53407.5
2026-02-09 18:00:00,53297.05
2026-02-09 19:00:00,52703.48
2026-02-09 20:00:00,51720.71
2026-02-09 21:00:00,50614.15
2026-02-09 22:00:00,48452.47
2026-02-09 23:00:00,45790.26
2026-02-10 00:00:00,43722.19
2026-02-10 01:00:00,42378.56
2026-02-10 02:00:00,41570.1
2026-02-10 03:00:00,41384.79
2026-02-10 04:00:00,41873.03
2026-02-10 05:00:00,43457.45
2026-02-10 06:00:00,46508.14
2026-02-10 07:00:00,47873.91
2026-02-10 08:00:00,48328.27
2026-02-10 09:00:00,48621.93
2026-02-10 10:00:00,49083.02
2026-02-10 11:00:00,49627.83
2026-02-10 12:00:00,49874.36
2026-02-10 13:00:00,50066.69
2026-02-10 14:00:00,50118.53
2026-02-10 15:00:00,50204.39
2026-02-10 16:00:00,50488.82
2026-02-10 17:00:00,51287.38
2026-02-10 18:00:00,52274.49
2026-02-10 19:00:00,52150.91
2026-02-10 20:00:00,51313.56
2026-02-10 21:00:00,49984.14
2026-02-10 22:00:00,47644.62
2026-02-10 23:00:00,45479.49
2026-02-11 00:00:00,43748.85
2026-02-11 01:00:00,42610.34
2026-02-11 02:00:00,41917.53
2026-02-11 03:00:00,41762.97
2026-02-11 04:00:00,42740.63
2026-02-11 05:00:00,44639.42
2026-02-11 06:00:00,47946.87
2026-02-11 07:00:00,49534.3
2026-02-11 08:00:00,49796.94
2026-02-11 09:00:00,49738.1
2026-02-11 10:00:00,49338.6
2026-02-11 11:00:00,49090.46
2026-02-11 12:00:00,49029.38
2026-02-11 13:00:00,49225.95
2026-02-11 14:00:00,49820.84
2026-02-11 15:00:00,50425.37
2026-02-11 16:00:00,51225.95
2026-02-11 17:00:00,51628.93
2026-02-11 18:00:00,52269.09
2026-02-11 19:00:00,52313.75
2026-02-11 20:00:00,51562.39
2026-02-11 21:00:00,50264.94
2026-02-11 22:00:00,48019.54
2026-02-11 23:00:00,45712.29
2026-02-12 00:00:00,43845.2
2026-02-12 01:00:00,42889.29
2026-02-12 02:00:00,42355.85
2026-02-12 03:00:00,42334.34
2026-02-12 04:00:00,43271.73
2026-02-12 05:00:00,45486.22
2026-02-12 06:00:00,48684.19
2026-02-12 07:00:00,50191.4
2026-02-12 08:00:00,50083.76
2026-02-12 09:00:00,49607.38
2026-02-12 10:00:00,49182.55
2026-02-12 11:00:00,49085.71
2026-02-12 12:00:00,49422.0
2026-02-12 13:00:00,50267.37
2026-02-12 14:00:00,51056.47
2026-02-12 15:00:00,51648.93
2026-02-12 16:00:00,52334.76
2026-02-12 17:00:00,52441.07
2026-02-12 18:00:00,52616.73
2026-02-12 19:00:00,52444.25
2026-02-12 20:00:00,51632.11
2026-02-12 21:00:00,50255.14
2026-02-12 22:00:00,48101.63
2026-02-12 23:00:00,45752.34
2026-02-13 00:00:00,43726.17
2026-02-13 01:00:00,42524.82
2026-02-13 02:00:00,41814.93
2026-02-13 03:00:00,41663.02
2026-02-13 04:00:00,41972.0
2026-02-13 05:00:00,43700.63
2026-02-13 06:00:00,46369.39
2026-02-13 07:00:00,47555.34
2026-02-13 08:00:00,48296.51
2026-02-13 09:00:00,49134.18
2026-02-13 10:00:00,49944.11
2026-02-13 11:00:00,50616.84
2026-02-13 12:00:00,51343.3
2026-02-13 13:00:00,52455.95
2026-02-13 14:00:00,53002.7
2026-02-13 15:00:00,53150.74
2026-02-13 16:00:00,52991.45
2026-02-13 17:00:00,52438.26
2026-02-13 18:00:00,52369.37
2026-02-13 19:00:00,51874.63
2026-02-13 20:00:00,51184.23
2026-02-13 21:00:00,50205.93
2026-02-13 22:00:00,48571.77
2026-02-13 23:00:00,46587.95
2026-02-14 00:00:00,44973.64
2026-02-14 01:00:00,43913.34
2026-02-14 02:00:00,42798.45
2026-02-14 03:00:00,42149.95
2026-02-14 04:00:00,42002.42
2026-02-14 05:00:00,42330.97
2026-02-14 06:00:00,43191.37
2026-02-14 07:00:00,44339.29
2026-02-14 08:00:00,45958.39
2026-02-14 09:00:00,47818.71
2026-02-14 10:00:00,49007.34
2026-02-14 11:00:00,50092.92
2026-02-14 12:00:00,50656.42
2026-02-14 13:00:00,50231.44
2026-02-14 14:00:00,49819.05
2026-02-14 15:00:00,49571.18
2026-02-14 16:00:00,49415.12
2026-02-14 17:00:00,49598.39
2026-02-14 18:00:00,49952.31
2026-02-14 19:00:00,49274.24
2026-02-14 20:00:00,48637.35
2026-02-14 21:00:00,47636.98
2026-02-14 22:00:00,46465.35
2026-02-14 23:00:00,44986.65
2026-02-15 00:00:00,43621.0
2026-02-15 01:00:00,42498.93
2026-02-15 02:00:00,41798.66
2026-02-15 03:00:00,41247.58
2026-02-15 04:00:00,41124.89
2026-02-15 05:00:00,41544.56
2026-02-15 06:00:00,42541.49
2026-02-15 07:00:00,43447.45
2026-02-15 08:00:00,44684.25
2026-02-15 09:00:00,45891.11
2026-02-15 10:00:00,46423.53
2026-02-15 11:00:00,46549.58
2026-02-15 12:00:00,46551.74
2026-02-15 13:00:00,46773.86
2026-02-15 14:00:00,47126.78
2026-02-15 15:00:00,47820.87
2026-02-15 16:00:00,48512.02
2026-02-15 17:00:00,49060.64
2026-02-15 18:00:00,49685.14
2026-02-15 19:00:00,49847.92
2026-02-15 20:00:00,49064.34
2026-02-15 21:00:00,47965.42
2026-02-15 22:00:00,46284.11
2026-02-15 23:00:00,44321.94
2026-02-16 00:00:00,42822.96
2026-02-16 01:00:00,41886.8
2026-02-16 02:00:00,41569.47
2026-02-16 03:00:00,41725.4
2026-02-16 04:00:00,42516.39
2026-02-16 05:00:00,44638.92
2026-02-16 06:00:00,47444.7
2026-02-16 07:00:00,49094.12
2026-02-16 08:00:00,49055.37
2026-02-16 09:00:00,49129.98
2026-02-16 10:00:00,48945.14
2026-02-16 11:00:00,48883.71
2026-02-16 12:00:00,49112.86
2026-02-16 13:00:00,49774.84
2026-02-16 14:00:00,50442.71
2026-02-16 15:00:00,51483.83
2026-02-16 16:00:00,52279.91
2026-02-16 17:00:00,52602.0
2026-02-16 18:00:00,52944.04
2026-02-16 19:00:00,53041.95
2026-02-16 20:00:00,52022.91
2026-02-16 21:00:00,50395.79
2026-02-16 22:00:00,48083.15
2026-02-16 23:00:00,45605.55
2026-02-17 00:00:00,43681.38
2026-02-17 01:00:00,42623.5
2026-02-17 02:00:00,42008.02
2026-02-17 03:00:00,41917.52
2026-02-17 04:00:00,42637.46
2026-02-17 05:00:00,44591.03
2026-02-17 06:00:00,47553.52
2026-02-17 07:00:00,48802.67
2026-02-17 08:00:00,48913.65
2026-02-17 09:00:00,48946.72
2026-02-17 10:00:00,49108.55
2026-02-17 11:00:00,49468.5
2026-02-17 12:00:00,50152.91
2026-02-17 13:00:00,51339.94
2026-02-17 14:00:00,52086.81
2026-02-17 15:00:00,53169.05
2026-02-17 16:00:00,54092.84
2026-02-17 17:00:00,54227.59
2026-02-17 18:00:00,54634.32
2026-02-17 19:00:00,54599.48
2026-02-17 20:00:00,53396.94
2026-02-17 21:00:00,51785.66
2026-02-17 22:00:00,49263.57
2026-02-17 23:00:00,46689.85
2026-02-18 00:00:00,44432.38
2026-02-18 01:00:00,43102.66
2026-02-18 02:00:00,42181.22
2026-02-18 03:00:00,41819.26
2026-02-18 04:00:00,42109.18
2026-02-18 05:00:00,43773.81
2026-02-18 06:00:00,46551.03
2026-02-18 07:00:00,47652.66
2026-02-18 08:00:00,48207.54
2026-02-18 09:00:00,48807.69
2026-02-18 10:00:00,49871.02
2026-02-18 11:00:00,50603.63
2026-02-18 12:00:00,51451.16
2026-02-18 13:00:00,52377.12
2026-02-18 14:00:00,53056.82
2026-02-18 15:00:00,53467.94
2026-02-18 16:00:00,53923.06
2026-02-18 17:00:00,53889.69
2026-02-18 18:00:00,54500.35
2026-02-18 19:00:00,54633.6
2026-02-18 20:00:00,53591.17
2026-02-18 21:00:00,52162.3
2026-02-18 22:00:00,49727.59
2026-02-18 23:00:00,47311.85
2026-02-19 00:00:00,45405.3
2026-02-19 01:00:00,44180.83
2026-02-19 02:00:00,43581.18
2026-02-19 03:00:00,43468.06
2026-02-19 04:00:00,43729.1
2026-02-19 05:00:00,45265.54
2026-02-19 06:00:00,48056.14
2026-02-19 07:00:00,49266.32
2026-02-19 08:00:00,49593.8
2026-02-19 09:00:00,50461.16
2026-02-19 10:00:00,51013.48
2026-02-19 11:00:00,51846.18
2026-02-19 12:00:00,52611.94
2026-02-19 13:00:00,53739.75
2026-02-19 14:00:00,54753.41
2026-02-19 15:00:00,55509.15
2026-02-19 16:00:00,56015.25
2026-02-19 17:00:00,55506.1
2026-02-19 18:00:00,54877.75
2026-02-19 19:00:00,54452.43
2026-02-19 20:00:00,52690.11
2026-02-19 21:00:00,51155.11
2026-02-19 22:00:00,48979.25
2026-02-19 23:00:00,46449.5
2026-02-20 00:00:00,44543.46
2026-02-20 01:00:00,43453.12
2026-02-20 02:00:00,42726.9
2026-02-20 03:00:00,42622.53
2026-02-20 04:00:00,43479.97
2026-02-20 05:00:00,45666.09
2026-02-20 06:00:00,48664.11
2026-02-20 07:00:00,50389.6
2026-02-20 08:00:00,51019.42
2026-02-20 09:00:00,51754.44
2026-02-20 10:00:00,52086.6
2026-02-20 11:00:00,52472.47
2026-02-20 12:00:00,52536.52
2026-02-20 13:00:00,52908.78
2026-02-20 14:00:00,53021.49
2026-02-20 15:00:00,53070.52
2026-02-20 16:00:00,53287.51
2026-02-20 17:00:00,53247.23
2026-02-20 18:00:00,53054.48
2026-02-20 19:00:00,52618.13
2026-02-20 20:00:00,51530.56
2026-02-20 21:00:00,50073.65
2026-02-20 22:00:00,48580.94
2026-02-20 23:00:00,46739.54
2026-02-21 00:00:00,45025.26
2026-02-21 01:00:00,43848.94
2026-02-21 02:00:00,43064.57
2026-02-21 03:00:00,42597.12
2026-02-21 04:00:00,42777.34
2026-02-21 05:00:00,43541.82
2026-02-21 06:00:00,44970.15
2026-02-21 07:00:00,46377.48
2026-02-21 08:00:00,48012.36
2026-02-21 09:00:00,48801.04
2026-02-21 10:00:00,49230.17
2026-02-21 11:00:00,49668.72
2026-02-21 12:00:00,49911.62
2026-02-21 13:00:00,49944.03
2026-02-21 14:00:00,50169.83
2026-02-21 15:00:00,50380.83
2026-02-21 16:00:00,50185.32
2026-02-21 17:00:00,50210.02
2026-02-21 18:00:00,50510.59
2026-02-21 19:00:00,50597.12
2026-02-21 20:00:00,50001.27
2026-02-21 21:00:00,49313.02
2026-02-21 22:00:00,48411.94
2026-02-21 23:00:00,47188.79
2026-02-22 00:00:00,45981.55
2026-02-22 01:00:00,45121.62
2026-02-22 02:00:00,44666.34
2026-02-22 03:00:00,44585.87
2026-02-22 04:00:00,44873.86
2026-02-22 05:00:00,45918.32
2026-02-22 06:00:00,47394.84
2026-02-22 07:00:00,48665.52
2026-02-22 08:00:00,49679.82
2026-02-22 09:00:00,49528.76
2026-02-22 10:00:00,48844.19
2026-02-22 11:00:00,47684.37
2026-02-22 12:00:00,46938.73
2026-02-22 13:00:00,46376.77
2026-02-22 14:00:00,45910.74
2026-02-22 15:00:00,46069.94
2026-02-22 16:00:00,46792.8
2026-02-22 17:00:00,47839.19
2026-02-22 18:00:00,49770.17
2026-02-22 19:00:00,51031.44
2026-02-22 20:00:00,51121.41
2026-02-22 21:00:00,50660.99
2026-02-22 22:00:00,49340.84
2026-02-22 23:00:00,47921.9
2026-02-23 00:00:00,46785.25
2026-02-23 01:00:00,46562.63
2026-02-23 02:00:00,46742.54
2026-02-23 03:00:00,47401.84
2026-02-23 04:00:00,49003.56
2026-02-23 05:00:00,51978.36
2026-02-23 06:00:00,56368.38
2026-02-23 07:00:00,57966.54
2026-02-23 08:00:00,56436.02
2026-02-23 09:00:00,54517.15
2026-02-23 10:00:00,52713.43
2026-02-23 11:00:00,50937.33
2026-02-23 12:00:00,49641.09
2026-02-23 13:00:00,48806.37
2026-02-23 14:00:00,48323.91
2026-02-23 15:00:00,48085.29
2026-02-23 16:00:00,48564.51
2026-02-23 17:00:00,49548.64
2026-02-23 18:00:00,51184.63
2026-02-23 19:00:00,52540.21
2026-02-23 20:00:00,52826.25
2026-02-23 21:00:00,52032.26
2026-02-23 22:00:00,50280.32
2026-02-23 23:00:00,48631.87
2026-02-24 00:00:00,47776.64
2026-02-24 01:00:00,47416.42
2026-02-24 02:00:00,47425.67
2026-02-24 03:00:00,47838.97
2026-02-24 04:00:00,49273.71
2026-02-24 05:00:00,52031.7
2026-02-24 06:00:00,56109.54
2026-02-24 07:00:00,56966.65
2026-02-24 08:00:00,55180.03
2026-02-24 09:00:00,53129.34
2026-02-24 10:00:00,51286.06
2026-02-24 11:00:00,49797.9
2026-02-24 12:00:00,48880.82
2026-02-24 13:00:00,48437.02
2026-02-24 14:00:00,48362.04
2026-02-24 15:00:00,48402.76
2026-02-24 16:00:00,49130.91
2026-02-24 17:00:00,50118.07
2026-02-24 18:00:00,51369.55
2026-02-24 19:00:00,52087.61
2026-02-24 20:00:00,51314.28
2026-02-24 21:00:00,49995.53
2026-02-24 22:00:00,47983.79
2026-02-24 23:00:00,45856.93
2026-02-25 00:00:00,44015.66
2026-02-25 01:00:00,42934.4
2026-02-25 02:00:00,42371.06
2026-02-25 03:00:00,42429.04
2026-02-25 04:00:00,43252.85
2026-02-25 05:00:00,45179.93
2026-02-25 06:00:00,48053.62
2026-02-25 07:00:00,49001.3
2026-02-25 08:00:00,48930.34
2026-02-25 09:00:00,48947.21
2026-02-25 10:00:00,48891.93
2026-02-25 11:00:00,49103.33
2026-02-25 12:00:00,49647.94
2026-02-25 13:00:00,50526.36
2026-02-25 14:00:00,51676.0
2026-02-25 15:00:00,52946.38
2026-02-25 16:00:00,53930.04
2026-02-25 17:00:00,54264.58
2026-02-25 18:00:00,54245.69
2026-02-25 19:00:00,53995.23
2026-02-25 20:00:00,52641.85
2026-02-25 21:00:00,50809.82
2026-02-25 22:00:00,48748.88
2026-02-25 23:00:00,46924.93
2026-02-26 00:00:00,44719.33
2026-02-26 01:00:00,43206.71
2026-02-26 02:00:00,42234.6
2026-02-26 03:00:00,41984.39
2026-02-26 04:00:00,42568.12
2026-02-26 05:00:00,44452.37
2026-02-26 06:00:00,47417.82
2026-02-26 07:00:00,48470.03
2026-02-26 08:00:00,49149.34
2026-02-26 09:00:00,49899.76
2026-02-26 10:00:00,50718.18
2026-02-26 11:00:00,51639.07
2026-02-26 12:00:00,52955.08
2026-02-26 13:00:00,54404.8
2026-02-26 14:00:00,55879.34
2026-02-26 15:00:00,57256.8
2026-02-26 16:00:00,58021.91
2026-02-26 17:00:00,57525.11
2026-02-26 18:00:00,56487.41
2026-02-26 19:00:00,55932.4
2026-02-26 20:00:00,54639.41
2026-02-26 21:00:00,52888.25
2026-02-26 22:00:00,50164.38
2026-02-26 23:00:00,47410.57
2026-02-27 00:00:00,45167.2
2026-02-27 01:00:00,43445.63
2026-02-27 02:00:00,42464.92
2026-02-27 03:00:00,41822.88
2026-02-27 04:00:00,42380.0
2026-02-27 05:00:00,44034.21
2026-02-27 06:00:00,46707.93
2026-02-27 07:00:00,47933.35
2026-02-27 08:00:00,48602.14
2026-02-27 09:00:00,49296.26
2026-02-27 10:00:00,50351.78
2026-02-27 11:00:00,51646.01
2026-02-27 12:00:00,52986.11
2026-02-27 13:00:00,54573.36
2026-02-27 14:00:00,56278.39
2026-02-27 15:00:00,57656.14
2026-02-27 16:00:00,58271.48
2026-02-27 17:00:00,57754.28
2026-02-27 18:00:00,55710.06
2026-02-27 19:00:00,54570.12
2026-02-27 20:00:00,52830.76
2026-02-27 21:00:00,51416.01
2026-02-27 22:00:00,49321.07
2026-02-27 23:00:00,46935.41
2026-02-28 00:00:00,45055.31
2026-02-28 01:00:00,43579.94
2026-02-28 02:00:00,42500.21
2026-02-28 03:00:00,41956.41
2026-02-28 04:00:00,41711.23
2026-02-28 05:00:00,41993.3
2026-02-28 06:00:00,43050.96
2026-02-28 07:00:00,44158.96
2026-02-28 08:00:00,45725.73
2026-02-28 09:00:00,46917.14
2026-02-28 10:00:00,48190.21
2026-02-28 11:00:00,49675.87
2026-02-28 12:00:00,51194.45
2026-02-28 13:00:00,52827.03
2026-02-28 14:00:00,54484.85
2026-02-28 15:00:00,55784.95
2026-02-28 16:00:00,56517.44
2026-02-28 17:00:00,56113.98
2026-02-28 18:00:00,54770.88
2026-02-28 19:00:00,53861.87
2026-02-28 20:00:00,52400.58
2026-02-28 21:00:00,50844.17
2026-02-28 22:00:00,49054.53
2026-02-28 23:00:00,46995.76
2026-03-01 00:00:00,45241.54
2026-03-01 01:00:00,43672.29
2026-03-01 02:00:00,42595.53
2026-03-01 03:00:00,41719.04
2026-03-01 04:00:00,41652.58
2026-03-01 05:00:00,41775.52
2026-03-01 06:00:00,42278.9
2026-03-01 07:00:00,42609.04
2026-03-01 08:00:00,44433.51
2026-03-01 09:00:00,46508.3
2026-03-01 10:00:00,48144.43
2026-03-01 11:00:00,49576.36
2026-03-01 12:00:00,51067.7
2026-03-01 13:00:00,52709.49
2026-03-01 14:00:00,54054.02
2026-03-01 15:00:00,55337.55
2026-03-01 16:00:00,56221.4
2026-03-01 17:00:00,56206.02
2026-03-01 18:00:00,55370.27
2026-03-01 19:00:00,54950.91
2026-03-01 20:00:00,53883.16
2026-03-01 21:00:00,52294.35
2026-03-01 22:00:00,49668.19
2026-03-01 23:00:00,46655.95
2026-03-02 00:00:00,44402.46
2026-03-02 01:00:00,43024.04
2026-03-02 02:00:00,42248.2
2026-03-02 03:00:00,42076.07
2026-03-02 04:00:00,42721.7
2026-03-02 05:00:00,44252.0
2026-03-02 06:00:00,46646.56
2026-03-02 07:00:00,47234.53
2026-03-02 08:00:00,48605.45
2026-03-02 09:00:00,49867.51
2026-03-02 10:00:00,50992.17
2026-03-02 11:00:00,51984.63
2026-03-02 12:00:00,53454.04
2026-03-02 13:00:00,55365.57
2026-03-02 14:00:00,57009.98
2026-03-02 15:00:00,58438.67
2026-03-02 16:00:00,59468.03
2026-03-02 17:00:00,59245.87
2026-03-02 18:00:00,57791.6
2026-03-02 19:00:00,57295.55
2026-03-02 20:00:00,56001.96
2026-03-02 21:00:00,54049.45
2026-03-02 22:00:00,51164.65
2026-03-02 23:00:00,48307.3
2026-03-03 00:00:00,46237.33
2026-03-03 01:00:00,44732.57
2026-03-03 02:00:00,43799.55
2026-03-03 03:00:00,43427.88
2026-03-03 04:00:00,43835.99
2026-03-03 05:00:00,45537.82
2026-03-03 06:00:00,48341.11
2026-03-03 07:00:00,49243.8
2026-03-03 08:00:00,50045.14
2026-03-03 09:00:00,51376.4
2026-03-03 10:00:00,52651.03
2026-03-03 11:00:00,53992.21
2026-03-03 12:00:00,55642.3
2026-03-03 13:00:00,57430.15
2026-03-03 14:00:00,59271.35
2026-03-03 15:00:00,60785.17
2026-03-03 16:00:00,61638.69
2026-03-03 17:00:00,61042.87
2026-03-03 18:00:00,59388.8
2026-03-03 19:00:00,58921.76
2026-03-03 20:00:00,57685.97
2026-03-03 21:00:00,55948.3
2026-03-03 22:00:00,53192.09
2026-03-03 23:00:00,50399.04
2026-03-04 00:00:00,47722.86
2026-03-04 01:00:00,46008.62
2026-03-04 02:00:00,44798.36
2026-03-04 03:00:00,44248.84
2026-03-04 04:00:00,44793.9
2026-03-04 05:00:00,46283.23
2026-03-04 06:00:00,49108.55
2026-03-04 07:00:00,50290.04
2026-03-04 08:00:00,51086.69
2026-03-04 09:00:00,52490.16
2026-03-04 10:00:00,54037.94
2026-03-04 11:00:00,55543.67
2026-03-04 12:00:00,56909.9
2026-03-04 13:00:00,58388.2
2026-03-04 14:00:00,59493.14
2026-03-04 15:00:00,60137.51
2026-03-04 16:00:00,60192.21
2026-03-04 17:00:00,59263.39
2026-03-04 18:00:00,58445.79
2026-03-04 19:00:00,58052.86
2026-03-04 20:00:00,56743.87
2026-03-04 21:00:00,54769.06
2026-03-04 22:00:00,52101.65
2026-03-04 23:00:00,49341.83
2026-03-05 00:00:00,47276.03
2026-03-05 01:00:00,45730.86
2026-03-05 02:00:00,44512.84
2026-03-05 03:00:00,43956.43
2026-03-05 04:00:00,44306.04
2026-03-05 05:00:00,45756.31
2026-03-05 06:00:00,48589.57
2026-03-05 07:00:00,49985.7
2026-03-05 08:00:00,51090.04
2026-03-05 09:00:00,52411.71
2026-03-05 10:00:00,54098.45
2026-03-05 11:00:00,55678.08
2026-03-05 12:00:00,57141.9
2026-03-05 13:00:00,58606.63
2026-03-05 14:00:00,59646.45
2026-03-05 15:00:00,60229.83
2026-03-05 16:00:00,60377.82
2026-03-05 17:00:00,59910.81
2026-03-05 18:00:00,59350.68
2026-03-05 19:00:00,59142.4
2026-03-05 20:00:00,57897.62
2026-03-05 21:00:00,56267.92
2026-03-05 22:00:00,53749.26
2026-03-05 23:00:00,50768.91
2026-03-06 00:00:00,48471.27
2026-03-06 01:00:00,46795.75
2026-03-06 02:00:00,45738.18
2026-03-06 03:00:00,45372.08
2026-03-06 04:00:00,45792.18
2026-03-06 05:00:00,47303.01
2026-03-06 06:00:00,49819.95
2026-03-06 07:00:00,51065.65
2026-03-06 08:00:00,52251.92
2026-03-06 09:00:00,53827.03
2026-03-06 10:00:00,55435.97
2026-03-06 11:00:00,57448.46
2026-03-06 12:00:00,58909.41
2026-03-06 13:00:00,60045.47
2026-03-06 14:00:00,60789.54
2026-03-06 15:00:00,60905.18
2026-03-06 16:00:00,60975.55
2026-03-06 17:00:00,60483.35
2026-03-06 18:00:00,58972.58
2026-03-06 19:00:00,58461.03
2026-03-06 20:00:00,57355.93
2026-03-06 21:00:00,56162.09
2026-03-06 22:00:00,54435.52
2026-03-06 23:00:00,52249.96
2026-03-07 00:00:00,49843.62
2026-03-07 01:00:00,48275.58
2026-03-07 02:00:00,47522.04
2026-03-07 03:00:00,46831.27
2026-03-07 04:00:00,46666.13
2026-03-07 05:00:00,46813.85
2026-03-07 06:00:00,47189.54
2026-03-07 07:00:00,47712.92
2026-03-07 08:00:00,49031.58
2026-03-07 09:00:00,50904.52
2026-03-07 10:00:00,52486.92
2026-03-07 11:00:00,53631.8
2026-03-07 12:00:00,54150.03
2026-03-07 13:00:00,54476.48
2026-03-07 14:00:00,54267.22
2026-03-07 15:00:00,53957.22
2026-03-07 16:00:00,53304.32
2026-03-07 17:00:00,52657.25
2026-03-07 18:00:00,52217.15
2026-03-07 19:00:00,51536.41
2026-03-07 20:00:00,50504.22
2026-03-07 21:00:00,49124.25
2026-03-07 22:00:00,47146.46
2026-03-07 23:00:00,45683.25
2026-03-08 00:00:00,44412.88
2026-03-08 01:00:00,43216.05
2026-03-08 03:00:00,42583.56
2026-03-08 04:00:00,42240.31
2026-03-08 05:00:00,42438.58
2026-03-08 06:00:00,43176.73
2026-03-08 07:00:00,44052.11
2026-03-08 08:00:00,44729.71
2026-03-08 09:00:00,45952.44
2026-03-08 10:00:00,46836.67
2026-03-08 11:00:00,47326.54
2026-03-08 12:00:00,47554.4
2026-03-08 13:00:00,47684.01
2026-03-08 14:00:00,47825.35
2026-03-08 15:00:00,48074.0
2026-03-08 16:00:00,48718.24
2026-03-08 17:00:00,49418.92
2026-03-08 18:00:00,49884.99
2026-03-08 19:00:00,50575.16
2026-03-08 20:00:00,51294.69
2026-03-08 21:00:00,50624.61
2026-03-08 22:00:00,49048.58
2026-03-08 23:00:00,46810.21
2026-03-09 00:00:00,44725.27
2026-03-09 01:00:00,43370.08
2026-03-09 02:00:00,42531.43
2026-03-09 03:00:00,42240.94
2026-03-09 04:00:00,42634.05
2026-03-09 05:00:00,44131.93
2026-03-09 06:00:00,46512.23
2026-03-09 07:00:00,48318.0
2026-03-09 08:00:00,48824.0
2026-03-09 09:00:00,49293.35
2026-03-09 10:00:00,50537.27
2026-03-09 11:00:00,52186.49
2026-03-09 12:00:00,53432.05
2026-03-09 13:00:00,54733.31
2026-03-09 14:00:00,55935.44
2026-03-09 15:00:00,57312.03
2026-03-09 16:00:00,58247.77
2026-03-09 17:00:00,58635.5
2026-03-09 18:00:00,58155.7
2026-03-09 19:00:00,57657.64
2026-03-09 20:00:00,57453.4
2026-03-09 21:00:00,56469.9
2026-03-09 22:00:00,54678.76
2026-03-09 23:00:00,52061.78
2026-03-10 00:00:00,49475.14
2026-03-10 01:00:00,47747.01
2026-03-10 02:00:00,46528.06
2026-03-10 03:00:00,45769.52
2026-03-10 04:00:00,45977.14
2026-03-10 05:00:00,47171.08
2026-03-10 06:00:00,49552.82
2026-03-10 07:00:00,51075.28
2026-03-10 08:00:00,51238.49
2026-03-10 09:00:00,52377.37
2026-03-10 10:00:00,54137.25
2026-03-10 11:00:00,55450.96
2026-03-10 12:00:00,56580.06
2026-03-10 13:00:00,57852.11
2026-03-10 14:00:00,59149.8
2026-03-10 15:00:00,60086.24
2026-03-10 16:00:00,60465.76
2026-03-10 17:00:00,60130.41
2026-03-10 18:00:00,59425.37
2026-03-10 19:00:00,59067.98
2026-03-10 20:00:00,58838.92
2026-03-10 21:00:00,57109.79
2026-03-10 22:00:00,54032.2
2026-03-10 23:00:00,51068.3
2026-03-11 00:00:00,48443.79
2026-03-11 01:00:00,46481.94
2026-03-11 02:00:00,45387.55
2026-03-11 03:00:00,44943.31
2026-03-11 04:00:00,44776.64
2026-03-11 05:00:00,45775.67
2026-03-11 06:00:00,47915.33
2026-03-11 07:00:00,49301.64
2026-03-11 08:00:00,49533.84
2026-03-11 09:00:00,50220.8
2026-03-11 10:00:00,51323.3
2026-03-11 11:00:00,52290.73
2026-03-11 12:00:00,53291.46
2026-03-11 13:00:00,53981.93
2026-03-11 14:00:00,54004.23
2026-03-11 15:00:00,54199.49
2026-03-11 16:00:00,54879.96
2026-03-11 17:00:00,55567.01
2026-03-11 18:00:00,55188.45
2026-03-11 19:00:00,54482.67
2026-03-11 20:00:00,54130.44
2026-03-11 21:00:00,52356.69
2026-03-11 22:00:00,49832.4
2026-03-11 23:00:00,46924.22
2026-03-12 00:00:00,44593.16
2026-03-12 01:00:00,43047.06
2026-03-12 02:00:00,41916.43
2026-03-12 03:00:00,41352.27
2026-03-12 04:00:00,41853.15
2026-03-12 05:00:00,43560.03
2026-03-12 06:00:00,46503.02
2026-03-12 07:00:00,48795.3
2026-03-12 08:00:00,49212.55
2026-03-12 09:00:00,49069.9
2026-03-12 10:00:00,48555.35
2026-03-12 11:00:00,47791.15
2026-03-12 12:00:00,47240.64
2026-03-12 13:00:00,47047.26
2026-03-12 14:00:00,46865.0
2026-03-12 15:00:00,47253.58
2026-03-12 16:00:00,47857.17
2026-03-12 17:00:00,48523.26
2026-03-12 18:00:00,49203.68
2026-03-12 19:00:00,49861.28
2026-03-12 20:00:00,50522.97
2026-03-12 21:00:00,49487.77
2026-03-12 22:00:00,47701.48
2026-03-12 23:00:00,45697.28
2026-03-13 00:00:00,44139.87
2026-03-13 01:00:00,43182.24
2026-03-13 02:00:00,42729.07
2026-03-13 03:00:00,42772.0
2026-03-13 04:00:00,43432.37
2026-03-13 05:00:00,45103.39
2026-03-13 06:00:00,47657.29
2026-03-13 07:00:00,49658.39
2026-03-13 08:00:00,49844.98
2026-03-13 09:00:00,49605.62
2026-03-13 10:00:00,48941.15
2026-03-13 11:00:00,48479.89
2026-03-13 12:00:00,48085.66
2026-03-13 13:00:00,48277.91
2026-03-13 14:00:00,48814.71
2026-03-13 15:00:00,49945.56
2026-03-13 16:00:00,51125.65
2026-03-13 17:00:00,51914.44
2026-03-13 18:00:00,51781.56
2026-03-13 19:00:00,50784.96
2026-03-13 20:00:00,50423.52
2026-03-13 21:00:00,49447.14
2026-03-13 22:00:00,47898.81
2026-03-13 23:00:00,45974.63
2026-03-14 00:00:00,44034.13
2026-03-14 01:00:00,42546.74
2026-03-14 02:00:00,41437.85
2026-03-14 03:00:00,40860.61
2026-03-14 04:00:00,40693.69
2026-03-14 05:00:00,41108.52
2026-03-14 06:00:00,42162.5
2026-03-14 07:00:00,43148.36
2026-03-14 08:00:00,44191.27
2026-03-14 09:00:00,45991.41
2026-03-14 10:00:00,46939.77
2026-03-14 11:00:00,47555.86
2026-03-14 12:00:00,48508.05
2026-03-14 13:00:00,49894.3
2026-03-14 14:00:00,51492.13
2026-03-14 15:00:00,53247.99
2026-03-14 16:00:00,54978.37
2026-03-14 17:00:00,55877.31
2026-03-14 18:00:00,55560.27
2026-03-14 19:00:00,54670.29
2026-03-14 20:00:00,54072.7
2026-03-14 21:00:00,52869.23
2026-03-14 22:00:00,51143.58
2026-03-14 23:00:00,49161.36
2026-03-15 00:00:00,47130.02
2026-03-15 01:00:00,45465.09
2026-03-15 02:00:00,44258.81
2026-03-15 03:00:00,43335.29
2026-03-15 04:00:00,42930.79
2026-03-15 05:00:00,42922.54
2026-03-15 06:00:00,43496.34
2026-03-15 07:00:00,44282.29
2026-03-15 08:00:00,45280.82
2026-03-15 09:00:00,46948.47
2026-03-15 10:00:00,48526.11
2026-03-15 11:00:00,50287.92
2026-03-15 12:00:00,52209.46
2026-03-15 13:00:00,54286.86
2026-03-15 14:00:00,55499.28
2026-03-15 15:00:00,56149.34
2026-03-15 16:00:00,56933.98
2026-03-15 17:00:00,57108.48
2026-03-15 18:00:00,56171.06
2026-03-15 19:00:00,54579.69
2026-03-15 20:00:00,53711.24
2026-03-15 21:00:00,51474.92
2026-03-15 22:00:00,48957.39
2026-03-15 23:00:00,46348.65
2026-03-16 00:00:00,44568.97
2026-03-16 01:00:00,43490.74
2026-03-16 02:00:00,43126.39
2026-03-16 03:00:00,43056.17
2026-03-16 04:00:00,44074.54
2026-03-16 05:00:00,46071.86
2026-03-16 06:00:00,49552.51
2026-03-16 07:00:00,52403.32
2026-03-16 08:00:00,53154.67
2026-03-16 09:00:00,54126.42
2026-03-16 10:00:00,53872.0
2026-03-16 11:00:00,53196.6
2026-03-16 12:00:00,52480.16
2026-03-16 13:00:00,51807.2
2026-03-16 14:00:00,51387.63
2026-03-16 15:00:00,51089.85
2026-03-16 16:00:00,50923.37
2026-03-16 17:00:00,51436.04
2026-03-16 18:00:00,52245.94
2026-03-16 19:00:00,53014.14
2026-03-16 20:00:00,53582.44
2026-03-16 21:00:00,52940.92
2026-03-16 22:00:00,52144.95
2026-03-16 23:00:00,50919.01
2026-03-17 00:00:00,49802.57
2026-03-17 01:00:00,49390.68
2026-03-17 02:00:00,49467.62
2026-03-17 03:00:00,49683.08
2026-03-17 04:00:00,50774.3
2026-03-17 05:00:00,53218.22
2026-03-17 06:00:00,56661.86
2026-03-17 07:00:00,58933.99
2026-03-17 08:00:00,58510.49
2026-03-17 09:00:00,56595.1
2026-03-17 10:00:00,54475.77
2026-03-17 11:00:00,52461.57
2026-03-17 12:00:00,50543.06
2026-03-17 13:00:00,49351.85
2026-03-17 14:00:00,48474.11
2026-03-17 15:00:00,47887.43
2026-03-17 16:00:00,47896.9
2026-03-17 17:00:00,48282.22
2026-03-17 18:00:00,48779.77
2026-03-17 19:00:00,49927.84
2026-03-17 20:00:00,51189.33
2026-03-17 21:00:00,50516.62
2026-03-17 22:00:00,48986.32
2026-03-17 23:00:00,47214.51
2026-03-18 00:00:00,45731.03
2026-03-18 01:00:00,44975.08
2026-03-18 02:00:00,44617.86
2026-03-18 03:00:00,44875.76
2026-03-18 04:00:00,45726.52
2026-03-18 05:00:00,47696.09
2026-03-18 06:00:00,50574.63
2026-03-18 07:00:00,52043.93
2026-03-18 08:00:00,51578.75
2026-03-18 09:00:00,51187.9
2026-03-18 10:00:00,50075.24
2026-03-18 11:00:00,48969.79
2026-03-18 12:00:00,47948.67
2026-03-18 13:00:00,47849.84
2026-03-18 14:00:00,47987.08
2026-03-18 15:00:00,48405.04
2026-03-18 16:00:00,49397.32
2026-03-18 17:00:00,50187.13
2026-03-18 18:00:00,50626.2
2026-03-18 19:00:00,50723.56
2026-03-18 20:00:00,51037.72
2026-03-18 21:00:00,50114.43
2026-03-18 22:00:00,47973.62
2026-03-18 23:00:00,45677.81
2026-03-19 00:00:00,43684.49
2026-03-19 01:00:00,42447.57
2026-03-19 02:00:00,41744.79
2026-03-19 03:00:00,41517.68
2026-03-19 04:00:00,41873.14
2026-03-19 05:00:00,43404.93
2026-03-19 06:00:00,45929.08
2026-03-19 07:00:00,47631.02
2026-03-19 08:00:00,47859.24
2026-03-19 09:00:00,47972.71
2026-03-19 10:00:00,48057.0
2026-03-19 11:00:00,48329.7
2026-03-19 12:00:00,49063.45
2026-03-19 13:00:00,50335.01
2026-03-19 14:00:00,51943.76
2026-03-19 15:00:00,53816.83
2026-03-19 16:00:00,55744.55
2026-03-19 17:00:00,57020.29
2026-03-19 18:00:00,57216.98
2026-03-19 19:00:00,55861.33
2026-03-19 20:00:00,55192.44
2026-03-19 21:00:00,53903.24
2026-03-19 22:00:00,51366.92
2026-03-19 23:00:00,48221.05
2026-03-20 00:00:00,45628.03
2026-03-20 01:00:00,43687.17
2026-03-20 02:00:00,42264.92
2026-03-20 03:00:00,41565.98
2026-03-20 04:00:00,41802.92
2026-03-20 05:00:00,42905.08
2026-03-20 06:00:00,44882.77
2026-03-20 07:00:00,46401.67
2026-03-20 08:00:00,46809.92
2026-03-20 09:00:00,47762.51
2026-03-20 10:00:00,48846.57
2026-03-20 11:00:00,50100.7
2026-03-20 12:00:00,51690.14
2026-03-20 13:00:00,53787.86
2026-03-20 14:00:00,56283.73
2026-03-20 15:00:00,58604.72
2026-03-20 16:00:00,60661.62
2026-03-20 17:00:00,61524.55
2026-03-20 18:00:00,61078.21
2026-03-20 19:00:00,59028.05
2026-03-20 20:00:00,57520.54
2026-03-20 21:00:00,55551.66
2026-03-20 22:00:00,53150.27
2026-03-20 23:00:00,50276.43
2026-03-21 00:00:00,47797.27
2026-03-21 01:00:00,45614.87
2026-03-21 02:00:00,44106.81
2026-03-21 03:00:00,43167.16
2026-03-21 04:00:00,42660.14
2026-03-21 05:00:00,42736.45
2026-03-21 06:00:00,43268.02
2026-03-21 07:00:00,44005.97
2026-03-21 08:00:00,45020.91
2026-03-21 09:00:00,46848.58
2026-03-21 10:00:00,48707.31
2026-03-21 11:00:00,50717.93
2026-03-21 12:00:00,53029.44
2026-03-21 13:00:00,55734.62
2026-03-21 14:00:00,58548.93
2026-03-21 15:00:00,61098.56
2026-03-21 16:00:00,62958.96
2026-03-21 17:00:00,63907.83
2026-03-21 18:00:00,63340.23
2026-03-21 19:00:00,60829.39
2026-03-21 20:00:00,59159.39
2026-03-21 21:00:00,57010.17
2026-03-21 22:00:00,54338.58
2026-03-21 23:00:00,51498.73
2026-03-22 00:00:00,48741.61
2026-03-22 01:00:00,46507.61
2026-03-22 02:00:00,44847.66
2026-03-22 03:00:00,43568.48
2026-03-22 04:00:00,42890.03
2026-03-22 05:00:00,42639.13
2026-03-22 06:00:00,42921.69
2026-03-22 07:00:00,43304.16
2026-03-22 08:00:00,44484.3
2026-03-22 09:00:00,46580.32
2026-03-22 10:00:00,48573.85
2026-03-22 11:00:00,50786.24
2026-03-22 12:00:00,53266.39
2026-03-22 13:00:00,56137.9
2026-03-22 14:00:00,58858.67
2026-03-22 15:00:00,61380.86
2026-03-22 16:00:00,63325.68
2026-03-22 17:00:00,64386.37
2026-03-22 18:00:00,63911.64
2026-03-22 19:00:00,61928.99
2026-03-22 20:00:00,60459.85
2026-03-22 21:00:00,57961.76
2026-03-22 22:00:00,54475.94
2026-03-22 23:00:00,50580.83
2026-03-23 00:00:00,47347.38
2026-03-23 01:00:00,44994.16
2026-03-23 02:00:00,43645.29
2026-03-23 03:00:00,42831.61
2026-03-23 04:00:00,42928.33
2026-03-23 05:00:00,44197.7
2026-03-23 06:00:00,46726.79
2026-03-23 07:00:00,47819.24
2026-03-23 08:00:00,48094.46
2026-03-23 09:00:00,49264.9
2026-03-23 10:00:00,50522.4
2026-03-23 11:00:00,51803.72
2026-03-23 12:00:00,53287.13
2026-03-23 13:00:00,55190.0
2026-03-23 14:00:00,57338.65
2026-03-23 15:00:00,59362.68
2026-03-23 16:00:00,61413.32
2026-03-23 17:00:00,62689.31
2026-03-23 18:00:00,61556.35
2026-03-23 19:00:00,57910.95
2026-03-23 20:00:00,56302.24
2026-03-23 21:00:00,53290.12
2026-03-23 22:00:00,49844.59
2026-03-23 23:00:00,47324.16
2026-03-24 00:00:00,45443.35
2026-03-24 01:00:00,43904.0
2026-03-24 02:00:00,42887.17
2026-03-24 03:00:00,42319.38
2026-03-24 04:00:00,42684.29
2026-03-24 05:00:00,43865.05
2026-03-24 06:00:00,45796.33
2026-03-24 07:00:00,46831.62
2026-03-24 08:00:00,47490.82
2026-03-24 09:00:00,49284.3
2026-03-24 10:00:00,50539.36
2026-03-24 11:00:00,52085.03
2026-03-24 12:00:00,53817.13
2026-03-24 13:00:00,56230.73
2026-03-24 14:00:00,58394.72
2026-03-24 15:00:00,60618.28
2026-03-24 16:00:00,62505.58
2026-03-24 17:00:00,63482.67
2026-03-24 18:00:00,62575.46
2026-03-24 19:00:00,60394.17
2026-03-24 20:00:00,59337.64
2026-03-24 21:00:00,57847.05
2026-03-24 22:00:00,55004.58
2026-03-24 23:00:00,51746.37
2026-03-25 00:00:00,48541.23
2026-03-25 01:00:00,46493.61
2026-03-25 02:00:00,45249.88
2026-03-25 03:00:00,44526.93
2026-03-25 04:00:00,44566.97
2026-03-25 05:00:00,45955.81
2026-03-25 06:00:00,48545.27
2026-03-25 07:00:00,49784.51
2026-03-25 08:00:00,50080.48
2026-03-25 09:00:00,51255.43
2026-03-25 10:00:00,52816.09
2026-03-25 11:00:00,54605.59
2026-03-25 12:00:00,56683.58
2026-03-25 13:00:00,59216.3
2026-03-25 14:00:00,61818.84
2026-03-25 15:00:00,63985.67
2026-03-25 16:00:00,65626.64
2026-03-25 17:00:00,66473.48
2026-03-25 18:00:00,65402.54
2026-03-25 19:00:00,63439.87
2026-03-25 20:00:00,62317.33
2026-03-25 21:00:00,60012.44
2026-03-25 22:00:00,56473.7
2026-03-25 23:00:00,52701.77
2026-03-26 00:00:00,49561.42
2026-03-26 01:00:00,47444.58
2026-03-26 02:00:00,45960.99
2026-03-26 03:00:00,45069.27
2026-03-26 04:00:00,45006.17
2026-03-26 05:00:00,46332.2
2026-03-26 06:00:00,48932.52
2026-03-26 07:00:00,49957.57
2026-03-26 08:00:00,50235.91
2026-03-26 09:00:00,51418.67
2026-03-26 10:00:00,52880.56
2026-03-26 11:00:00,54752.2
2026-03-26 12:00:00,56659.29
2026-03-26 13:00:00,58915.99
2026-03-26 14:00:00,61283.64
2026-03-26 15:00:00,63383.5
2026-03-26 16:00:00,65397.67
2026-03-26 17:00:00,66178.63
2026-03-26 18:00:00,65174.35
2026-03-26 19:00:00,62975.69
2026-03-26 20:00:00,61810.12
2026-03-26 21:00:00,59560.71
2026-03-26 22:00:00,56000.62
2026-03-26 23:00:00,52386.9
2026-03-27 00:00:00,49370.73
2026-03-27 01:00:00,46970.26
2026-03-27 02:00:00,45513.39
2026-03-27 03:00:00,44408.66
2026-03-27 04:00:00,44219.64
2026-03-27 05:00:00,45508.48
2026-03-27 06:00:00,47592.88
2026-03-27 07:00:00,48726.83
2026-03-27 08:00:00,49221.66
2026-03-27 09:00:00,50956.76
2026-03-27 10:00:00,52682.1
2026-03-27 11:00:00,54052.79
2026-03-27 12:00:00,55247.72
2026-03-27 13:00:00,56612.21
2026-03-27 14:00:00,57770.58
2026-03-27 15:00:00,58876.47
2026-03-27 16:00:00,59425.79
2026-03-27 17:00:00,59230.87
2026-03-27 18:00:00,57856.25
2026-03-27 19:00:00,56333.3
2026-03-27 20:00:00,55309.01
2026-03-27 21:00:00,53446.84
2026-03-27 22:00:00,51145.33
2026-03-27 23:00:00,48637.34
2026-03-28 00:00:00,46442.72
2026-03-28 01:00:00,44668.56
2026-03-28 02:00:00,43362.82
2026-03-28 03:00:00,42486.08
2026-03-28 04:00:00,41952.52
2026-03-28 05:00:00,41906.68
2026-03-28 06:00:00,43057.45
2026-03-28 07:00:00,44137.46
2026-03-28 08:00:00,45464.46
2026-03-28 09:00:00,46660.42
2026-03-28 10:00:00,47517.03
2026-03-28 11:00:00,47801.88
2026-03-28 12:00:00,47881.61
2026-03-28 13:00:00,48104.16
2026-03-28 14:00:00,48642.22
2026-03-28 15:00:00,49288.49
2026-03-28 16:00:00,49852.52
2026-03-28 17:00:00,50040.23
2026-03-28 18:00:00,49676.85
2026-03-28 19:00:00,49573.01
2026-03-28 20:00:00,49806.39
2026-03-28 21:00:00,48959.02
2026-03-28 22:00:00,47492.38
2026-03-28 23:00:00,45786.61
2026-03-29 00:00:00,44043.6
2026-03-29 01:00:00,42839.19
2026-03-29 02:00:00,41992.81
2026-03-29 03:00:00,41482.43
2026-03-29 04:00:00,41386.24
2026-03-29 05:00:00,41827.01
2026-03-29 06:00:00,42661.99
2026-03-29 07:00:00,43609.46
2026-03-29 08:00:00,44685.25
2026-03-29 09:00:00,45787.67
2026-03-29 10:00:00,46871.9
2026-03-29 11:00:00,47880.03
2026-03-29 12:00:00,49276.4
2026-03-29 13:00:00,50976.17
2026-03-29 14:00:00,52787.56
2026-03-29 15:00:00,54551.05
2026-03-29 16:00:00,56237.19
2026-03-29 17:00:00,57670.92
2026-03-29 18:00:00,57937.16
2026-03-29 19:00:00,57136.65
2026-03-29 20:00:00,57173.73
2026-03-29 21:00:00,55646.09
2026-03-29 22:00:00,52793.42
2026-03-29 23:00:00,49510.12
2026-03-30 00:00:00,46829.78
2026-03-30 01:00:00,44828.84
2026-03-30 02:00:00,43674.8
2026-03-30 03:00:00,43204.96
2026-03-30 04:00:00,43590.03
2026-03-30 05:00:00,45190.51
2026-03-30 06:00:00,47811.47
2026-03-30 07:00:00,49243.07
2026-03-30 08:00:00,49793.86
2026-03-30 09:00:00,51075.12
2026-03-30 10:00:00,52639.72
2026-03-30 11:00:00,54342.29
2026-03-30 12:00:00,56131.45
2026-03-30 13:00:00,58178.3
2026-03-30 14:00:00,59944.08
2026-03-30 15:00:00,61700.99
2026-03-30 16:00:00,63461.02
2026-03-30 17:00:00,64182.66
2026-03-30 18:00:00,63434.73
2026-03-30 19:00:00,61700.42
2026-03-30 20:00:00,61034.26
2026-03-30 21:00:00,59027.17
2026-03-30 22:00:00,55646.81
2026-03-30 23:00:00,52065.1
2026-03-31 00:00:00,49134.1
2026-03-31 01:00:00,46996.89
2026-03-31 02:00:00,45613.73
2026-03-31 03:00:00,44834.22
2026-03-31 04:00:00,45104.23
2026-03-31 05:00:00,46460.79
2026-03-31 06:00:00,49017.51
2026-03-31 07:00:00,50080.29
2026-03-31 08:00:00,50687.77
2026-03-31 09:00:00,52146.05
2026-03-31 10:00:00,53893.76
2026-03-31 11:00:00,55597.73
2026-03-31 12:00:00,57377.78
2026-03-31 13:00:00,59183.95
2026-03-31 14:00:00,61180.12
2026-03-31 15:00:00,62936.14
2026-03-31 16:00:00,64684.79
2026-03-31 17:00:00,65533.2
2026-03-31 18:00:00,64722.6
2026-03-31 19:00:00,63078.87
2026-03-31 20:00:00,62335.48
2026-03-31 21:00:00,60396.96
2026-03-31 22:00:00,57102.79
2026-03-31 23:00:00,53643.44
2026-04-01 00:00:00,50526.4
2026-04-01 01:00:00,48482.5
2026-04-01 02:00:00,47159.79
2026-04-01 03:00:00,46127.11
2026-04-01 04:00:00,46247.23
2026-04-01 05:00:00,47479.93
2026-04-01 06:00:00,49794.45
2026-04-01 07:00:00,50163.51
2026-04-01 08:00:00,51276.48
2026-04-01 09:00:00,53264.05
2026-04-01 10:00:00,54820.11
2026-04-01 11:00:00,56534.76
2026-04-01 12:00:00,58670.39
2026-04-01 13:00:00,60861.75
2026-04-01 14:00:00,62989.43
2026-04-01 15:00:00,64527.62
2026-04-01 16:00:00,65742.36
2026-04-01 17:00:00,65760.96
2026-04-01 18:00:00,64616.92
2026-04-01 19:00:00,63248.44
2026-04-01 20:00:00,62321.91
2026-04-01 21:00:00,60610.77
2026-04-01 22:00:00,57344.51
2026-04-01 23:00:00,53819.01
2026-04-02 00:00:00,50697.4
2026-04-02 01:00:00,49033.64
2026-04-02 02:00:00,47581.02
2026-04-02 03:00:00,46503.76
2026-04-02 04:00:00,46764.36
2026-04-02 05:00:00,47850.42
2026-04-02 06:00:00,49967.74
2026-04-02 07:00:00,50964.01
2026-04-02 08:00:00,51312.92
2026-04-02 09:00:00,52936.65
2026-04-02 10:00:00,54310.03
2026-04-02 11:00:00,55708.52
2026-04-02 12:00:00,57135.33
2026-04-02 13:00:00,58767.59
2026-04-02 14:00:00,60275.23
2026-04-02 15:00:00,61628.78
2026-04-02 16:00:00,62965.8
2026-04-02 17:00:00,63582.31
2026-04-02 18:00:00,62885.35
2026-04-02 19:00:00,61263.89
2026-04-02 20:00:00,60566.74
2026-04-02 21:00:00,59228.23
2026-04-02 22:00:00,57040.14
2026-04-02 23:00:00,54124.48
2026-04-03 00:00:00,51520.03
2026-04-03 01:00:00,49476.99
2026-04-03 02:00:00,47982.68
2026-04-03 03:00:00,47300.71
2026-04-03 04:00:00,47181.91
2026-04-03 05:00:00,47836.46
2026-04-03 06:00:00,49139.93
2026-04-03 07:00:00,50264.48
2026-04-03 08:00:00,51383.01
2026-04-03 09:00:00,53275.63
2026-04-03 10:00:00,55414.12
2026-04-03 11:00:00,57287.88
2026-04-03 12:00:00,58803.74
2026-04-03 13:00:00,59988.32
2026-04-03 14:00:00,60848.15
2026-04-03 15:00:00,61720.43
2026-04-03 16:00:00,62134.98
2026-04-03 17:00:00,61715.37
2026-04-03 18:00:00,60534.24
2026-04-03 19:00:00,58814.27
2026-04-03 20:00:00,58459.74
2026-04-03 21:00:00,57263.05
2026-04-03 22:00:00,55555.18
2026-04-03 23:00:00,53272.61
2026-04-04 00:00:00,51286.35
2026-04-04 01:00:00,49699.01
2026-04-04 02:00:00,48040.62
2026-04-04 03:00:00,47148.08
2026-04-04 04:00:00,46589.78
2026-04-04 05:00:00,46562.76
2026-04-04 06:00:00,46679.0
2026-04-04 07:00:00,46970.96
2026-04-04 08:00:00,48095.38
2026-04-04 09:00:00,49722.02
2026-04-04 10:00:00,51325.01
2026-04-04 11:00:00,52449.1
2026-04-04 12:00:00,52697.42
2026-04-04 13:00:00,52587.68
2026-04-04 14:00:00,52256.16
2026-04-04 15:00:00,52372.86
2026-04-04 16:00:00,52514.95
2026-04-04 17:00:00,52046.07
2026-04-04 18:00:00,51357.79
2026-04-04 19:00:00,50183.77
2026-04-04 20:00:00,50022.64
2026-04-04 21:00:00,49407.3
2026-04-04 22:00:00,47804.66
2026-04-04 23:00:00,45777.9
2026-04-05 00:00:00,43856.91
2026-04-05 01:00:00,42492.23
2026-04-05 02:00:00,41471.15
2026-04-05 03:00:00,40767.58
2026-04-05 04:00:00,40591.76
2026-04-05 05:00:00,40775.6
2026-04-05 06:00:00,41460.59
2026-04-05 07:00:00,42371.9
2026-04-05 08:00:00,43678.98
2026-04-05 09:00:00,45099.52
2026-04-05 10:00:00,45859.02
2026-04-05 11:00:00,46026.15
2026-04-05 12:00:00,46098.64
2026-04-05 13:00:00,45977.46
2026-04-05 14:00:00,45788.0
2026-04-05 15:00:00,45668.37
2026-04-05 16:00:00,45751.18
2026-04-05 17:00:00,45805.27
2026-04-05 18:00:00,46024.96
2026-04-05 19:00:00,46292.39
2026-04-05 20:00:00,47463.56
2026-04-05 21:00:00,46904.55
2026-04-05 22:00:00,45385.63
2026-04-05 23:00:00,43414.6
2026-04-06 00:00:00,41846.75
2026-04-06 01:00:00,40650.79
2026-04-06 02:00:00,40106.11
2026-04-06 03:00:00,39961.29
2026-04-06 04:00:00,40635.59
2026-04-06 05:00:00,42168.05
2026-04-06 06:00:00,44817.83
2026-04-06 07:00:00,46494.72
2026-04-06 08:00:00,47222.62
2026-04-06 09:00:00,47701.61
2026-04-06 10:00:00,47645.23
2026-04-06 11:00:00,47577.33
2026-04-06 12:00:00,47706.01
2026-04-06 13:00:00,48194.55
2026-04-06 14:00:00,48879.28
2026-04-06 15:00:00,49790.4
2026-04-06 16:00:00,51042.93
2026-04-06 17:00:00,52169.08
2026-04-06 18:00:00,52342.8
2026-04-06 19:00:00,51277.12
2026-04-06 20:00:00,51155.53
2026-04-06 21:00:00,49886.96
2026-04-06 22:00:00,47599.46
2026-04-06 23:00:00,45346.69
2026-04-07 00:00:00,43366.56
2026-04-07 01:00:00,42021.84
2026-04-07 02:00:00,41252.05
2026-04-07 03:00:00,41013.17
2026-04-07 04:00:00,41553.71
2026-04-07 05:00:00,43363.36
2026-04-07 06:00:00,46250.98
2026-04-07 07:00:00,47486.38
2026-04-07 08:00:00,47309.4
2026-04-07 09:00:00,47259.62
2026-04-07 10:00:00,47398.09
2026-04-07 11:00:00,47648.99
2026-04-07 12:00:00,47564.22
2026-04-07 13:00:00,48137.52
2026-04-07 14:00:00,48819.82
2026-04-07 15:00:00,49719.53
2026-04-07 16:00:00,50723.97
2026-04-07 17:00:00,51205.08
2026-04-07 18:00:00,51002.92
2026-04-07 19:00:00,50876.24
2026-04-07 20:00:00,51503.16
2026-04-07 21:00:00,49941.97
2026-04-07 22:00:00,47076.36
2026-04-07 23:00:00,44934.98
2026-04-08 00:00:00,42964.95
2026-04-08 01:00:00,41549.98
2026-04-08 02:00:00,40820.72
2026-04-08 03:00:00,40463.21
2026-04-08 04:00:00,40975.5
2026-04-08 05:00:00,42600.71
2026-04-08 06:00:00,45478.25
2026-04-08 07:00:00,46595.94
2026-04-08 08:00:00,47137.93
2026-04-08 09:00:00,47769.94
2026-04-08 10:00:00,48505.64
2026-04-08 11:00:00,49371.69
2026-04-08 12:00:00,50324.15
2026-04-08 13:00:00,51761.92
2026-04-08 14:00:00,52881.37
2026-04-08 15:00:00,54340.46
2026-04-08 16:00:00,55848.95
2026-04-08 17:00:00,56917.22
2026-04-08 18:00:00,56760.93
2026-04-08 19:00:00,55573.7
2026-04-08 20:00:00,54468.16
2026-04-08 21:00:00,53285.66
2026-04-08 22:00:00,51826.28
2026-04-08 23:00:00,48795.09
2026-04-09 00:00:00,46245.16
2026-04-09 01:00:00,44408.78
2026-04-09 02:00:00,43215.49
2026-04-09 03:00:00,42604.69
2026-04-09 04:00:00,42873.62
2026-04-09 05:00:00,44456.78
2026-04-09 06:00:00,47184.58
2026-04-09 07:00:00,48354.37
2026-04-09 08:00:00,48982.06
2026-04-09 09:00:00,49783.92
2026-04-09 10:00:00,51096.68
2026-04-09 11:00:00,52371.43
2026-04-09 12:00:00,53732.34
2026-04-09 13:00:00,55346.0
2026-04-09 14:00:00,56590.24
2026-04-09 15:00:00,57857.9
2026-04-09 16:00:00,58861.09
2026-04-09 17:00:00,58825.25
2026-04-09 18:00:00,57612.54
2026-04-09 19:00:00,56077.01
2026-04-09 20:00:00,55354.09
2026-04-09 21:00:00,54361.22
2026-04-09 22:00:00,51891.93
2026-04-09 23:00:00,49477.23
2026-04-10 00:00:00,47366.41
2026-04-10 01:00:00,45648.97
2026-04-10 02:00:00,44561.63
2026-04-10 03:00:00,44036.44
2026-04-10 04:00:00,44290.02
2026-04-10 05:00:00,45570.05
2026-04-10 06:00:00,47931.02
2026-04-10 07:00:00,49117.65
2026-04-10 08:00:00,49831.42
2026-04-10 09:00:00,51125.75
2026-04-10 10:00:00,52556.44
2026-04-10 11:00:00,53796.2
2026-04-10 12:00:00,55005.69
2026-04-10 13:00:00,56424.78
2026-04-10 14:00:00,57700.73
2026-04-10 15:00:00,58506.49
2026-04-10 16:00:00,58863.28
2026-04-10 17:00:00,59052.7
2026-04-10 18:00:00,58360.02
2026-04-10 19:00:00,56962.86
2026-04-10 20:00:00,56696.92
2026-04-10 21:00:00,55554.42
2026-04-10 22:00:00,53406.22
2026-04-10 23:00:00,50965.0
2026-04-11 00:00:00,48647.72
2026-04-11 01:00:00,46794.11
2026-04-11 02:00:00,45211.06
2026-04-11 03:00:00,44241.77
2026-04-11 04:00:00,44039.63
2026-04-11 05:00:00,44422.37
2026-04-11 06:00:00,45328.29
2026-04-11 07:00:00,45981.57
2026-04-11 08:00:00,47519.03
2026-04-11 09:00:00,49694.3
2026-04-11 10:00:00,51819.83
2026-04-11 11:00:00,53487.17
2026-04-11 12:00:00,54717.8
2026-04-11 13:00:00,55609.95
2026-04-11 14:00:00,56410.9
2026-04-11 15:00:00,57032.21
2026-04-11 16:00:00,57588.84
2026-04-11 17:00:00,57568.71
2026-04-11 18:00:00,56414.02
2026-04-11 19:00:00,55365.87
2026-04-11 20:00:00,55008.13
2026-04-11 21:00:00,53921.22
2026-04-11 22:00:00,51964.38
2026-04-11 23:00:00,48424.08
2026-04-12 00:00:00,46433.34
2026-04-12 01:00:00,45057.48
2026-04-12 02:00:00,44656.63
2026-04-12 03:00:00,44368.93
2026-04-12 04:00:00,44036.08
2026-04-12 05:00:00,44137.96
2026-04-12 06:00:00,44475.08
2026-04-12 07:00:00,45080.45
2026-04-12 08:00:00,46641.67
2026-04-12 09:00:00,48686.64
2026-04-12 10:00:00,50342.35
2026-04-12 11:00:00,52002.22
2026-04-12 12:00:00,53294.01
2026-04-12 13:00:00,54075.29
2026-04-12 14:00:00,54546.62
2026-04-12 15:00:00,54755.04
2026-04-12 16:00:00,55056.68
2026-04-12 17:00:00,55254.31
2026-04-12 18:00:00,55346.0
2026-04-12 19:00:00,55283.54
2026-04-12 20:00:00,55947.01
2026-04-12 21:00:00,55243.9
2026-04-12 22:00:00,53049.1
2026-04-12 23:00:00,50383.46
2026-04-13 00:00:00,48093.61
2026-04-13 01:00:00,46335.77
2026-04-13 02:00:00,45259.24
2026-04-13 03:00:00,44888.12
2026-04-13 04:00:00,45565.98
2026-04-13 05:00:00,47213.81
2026-04-13 06:00:00,50030.04
2026-04-13 07:00:00,51415.49
2026-04-13 08:00:00,52271.39
2026-04-13 09:00:00,53625.62
2026-04-13 10:00:00,55176.31
2026-04-13 11:00:00,57030.2
2026-04-13 12:00:00,58694.98
2026-04-13 13:00:00,60488.94
2026-04-13 14:00:00,62208.47
2026-04-13 15:00:00,63685.58
2026-04-13 16:00:00,65260.14
2026-04-13 17:00:00,65528.93
2026-04-13 18:00:00,64517.71
2026-04-13 19:00:00,62957.55
2026-04-13 20:00:00,62387.27
2026-04-13 21:00:00,60319.57
2026-04-13 22:00:00,57612.66
2026-04-13 23:00:00,54211.2
2026-04-14 00:00:00,51305.13
2026-04-14 01:00:00,49293.78
2026-04-14 02:00:00,47894.94
2026-04-14 03:00:00,47108.33
2026-04-14 04:00:00,47280.41
2026-04-14 05:00:00,48564.22
2026-04-14 06:00:00,51137.55
2026-04-14 07:00:00,51969.05
2026-04-14 08:00:00,52525.33
2026-04-14 09:00:00,53818.37
2026-04-14 10:00:00,55218.67
2026-04-14 11:00:00,56617.39
2026-04-14 12:00:00,57876.51
2026-04-14 13:00:00,59253.13
2026-04-14 14:00:00,60172.06
2026-04-14 15:00:00,61498.61
2026-04-14 16:00:00,62688.83
2026-04-14 17:00:00,63117.46
2026-04-14 18:00:00,62026.75
2026-04-14 19:00:00,61101.59
2026-04-14 20:00:00,61190.85
2026-04-14 21:00:00,59909.69
2026-04-14 22:00:00,56949.79
2026-04-14 23:00:00,53707.77
2026-04-15 00:00:00,50467.41
2026-04-15 01:00:00,48529.52
2026-04-15 02:00:00,47527.29
2026-04-15 03:00:00,46915.38
2026-04-15 04:00:00,47012.19
2026-04-15 05:00:00,48188.97
2026-04-15 06:00:00,50418.14
2026-04-15 07:00:00,51109.59
2026-04-15 08:00:00,52005.28
2026-04-15 09:00:00,53682.82
2026-04-15 10:00:00,55383.39
2026-04-15 11:00:00,57128.28
2026-04-15 12:00:00,58392.21
2026-04-15 13:00:00,59570.61
2026-04-15 14:00:00,60652.08
2026-04-15 15:00:00,61535.94
2026-04-15 16:00:00,62235.85
2026-04-15 17:00:00,62486.32
2026-04-15 18:00:00,61766.91
2026-04-15 19:00:00,60104.05
2026-04-15 20:00:00,59263.6
2026-04-15 21:00:00,57815.93
2026-04-15 22:00:00,55076.32
2026-04-15 23:00:00,52151.35
2026-04-16 00:00:00,49610.49
2026-04-16 01:00:00,47733.76
2026-04-16 02:00:00,46427.32
2026-04-16 03:00:00,45781.84
2026-04-16 04:00:00,45685.23
2026-04-16 05:00:00,46787.33
2026-04-16 06:00:00,49233.2
2026-04-16 07:00:00,50180.26
2026-04-16 08:00:00,51332.16
2026-04-16 09:00:00,53181.34
2026-04-16 10:00:00,55281.23
2026-04-16 11:00:00,57659.64
2026-04-16 12:00:00,60113.07
2026-04-16 13:00:00,62484.88
2026-04-16 14:00:00,64691.85
2026-04-16 15:00:00,66383.92
2026-04-16 16:00:00,67595.17
2026-04-16 17:00:00,67771.75
2026-04-16 18:00:00,66492.3
2026-04-16 19:00:00,64518.26
2026-04-16 20:00:00,63688.52
2026-04-16 21:00:00,61837.93
2026-04-16 22:00:00,58506.83
2026-04-16 23:00:00,54719.46
2026-04-17 00:00:00,51675.41
2026-04-17 01:00:00,49357.28
2026-04-17 02:00:00,47874.63
2026-04-17 03:00:00,47095.82
2026-04-17 04:00:00,47007.13
2026-04-17 05:00:00,48190.67
2026-04-17 06:00:00,50442.19
2026-04-17 07:00:00,51138.46
2026-04-17 08:00:00,52356.88
2026-04-17 09:00:00,54328.69
2026-04-17 10:00:00,56409.69
2026-04-17 11:00:00,58415.98
2026-04-17 12:00:00,59986.26
2026-04-17 13:00:00,61562.71
2026-04-17 14:00:00,62601.07
2026-04-17 15:00:00,63424.01
2026-04-17 16:00:00,64216.96
2026-04-17 17:00:00,63832.86
2026-04-17 18:00:00,62523.14
2026-04-17 19:00:00,61139.17
2026-04-17 20:00:00,60592.32
2026-04-17 21:00:00,59273.76
2026-04-17 22:00:00,56876.99
2026-04-17 23:00:00,53953.6
2026-04-18 00:00:00,51275.31
2026-04-18 01:00:00,49391.13
2026-04-18 02:00:00,47890.12
2026-04-18 03:00:00,46689.74
2026-04-18 04:00:00,45385.81
2026-04-18 05:00:00,45008.73
2026-04-18 06:00:00,45672.34
2026-04-18 07:00:00,46312.51
2026-04-18 08:00:00,47745.43
2026-04-18 09:00:00,49698.37
2026-04-18 10:00:00,51146.5
2026-04-18 11:00:00,52269.83
2026-04-18 12:00:00,52661.81
2026-04-18 13:00:00,52490.88
2026-04-18 14:00:00,52054.14
2026-04-18 15:00:00,51422.45
2026-04-18 16:00:00,51043.78
2026-04-18 17:00:00,50388.11
2026-04-18 18:00:00,49380.05
2026-04-18 19:00:00,48521.74
2026-04-18 20:00:00,48428.88
2026-04-18 21:00:00,47471.18
2026-04-18 22:00:00,45633.92
2026-04-18 23:00:00,44561.95
2026-04-19 00:00:00,43064.43
2026-04-19 01:00:00,41879.65
2026-04-19 02:00:00,41041.48
2026-04-19 03:00:00,40664.58
2026-04-19 04:00:00,40630.37
2026-04-19 05:00:00,40976.75
2026-04-19 06:00:00,41779.56
2026-04-19 07:00:00,42062.36
2026-04-19 08:00:00,44149.37
2026-04-19 09:00:00,45143.08
2026-04-19 10:00:00,45283.54
2026-04-19 11:00:00,45322.58
2026-04-19 12:00:00,45224.0
2026-04-19 13:00:00,45330.83
2026-04-19 14:00:00,45621.77
2026-04-19 15:00:00,46331.22
2026-04-19 16:00:00,47138.14
2026-04-19 17:00:00,48013.82
2026-04-19 18:00:00,48261.77
2026-04-19 19:00:00,47916.46
2026-04-19 20:00:00,48868.95
2026-04-19 21:00:00,48282.87
2026-04-19 22:00:00,46076.94
2026-04-19 23:00:00,43411.06
2026-04-20 00:00:00,41740.43
2026-04-20 01:00:00,40400.31
2026-04-20 02:00:00,39901.11
2026-04-20 03:00:00,39710.29
2026-04-20 04:00:00,40354.37
2026-04-20 05:00:00,42203.72
2026-04-20 06:00:00,45192.51
2026-04-20 07:00:00,46803.78
2026-04-20 08:00:00,45770.96
2026-04-20 09:00:00,46959.49
2026-04-20 10:00:00,47917.42
2026-04-20 11:00:00,48037.61
2026-04-20 12:00:00,48746.68
2026-04-20 13:00:00,49096.49
2026-04-20 14:00:00,49149.75
2026-04-20 15:00:00,48926.96
2026-04-20 16:00:00,48792.4
2026-04-20 17:00:00,49004.3
2026-04-20 18:00:00,49404.11
2026-04-20 19:00:00,49612.64
2026-04-20 20:00:00,50426.7
2026-04-20 21:00:00,49825.8
2026-04-20 22:00:00,47501.58
2026-04-20 23:00:00,44830.36
2026-04-21 00:00:00,43050.89
2026-04-21 01:00:00,41945.29
2026-04-21 02:00:00,41293.34
2026-04-21 03:00:00,41023.34
2026-04-21 04:00:00,41335.78
2026-04-21 05:00:00,42848.03
2026-04-21 06:00:00,45518.73
2026-04-21 07:00:00,46970.65
2026-04-21 08:00:00,47634.55
2026-04-21 09:00:00,48563.26
2026-04-21 10:00:00,49333.86
2026-04-21 11:00:00,49856.55
2026-04-21 12:00:00,50158.89
2026-04-21 13:00:00,50337.51
2026-04-21 14:00:00,50466.05
2026-04-21 15:00:00,50364.08
2026-04-21 16:00:00,50727.16
2026-04-21 17:00:00,51059.16
2026-04-21 18:00:00,51087.92
2026-04-21 19:00:00,51075.11
2026-04-21 20:00:00,51435.57
2026-04-21 21:00:00,50553.1
2026-04-21 22:00:00,48418.75
2026-04-21 23:00:00,46305.13
